project,module,source_set,source_root,file,package,type_name,type_kind,role,line_count,effective_line_count,method_count,public_method_count,import_count,internal_import_count,external_import_count,has_main_method,is_entrypoint,entrypoint_reasons,annotations
TNTConcept,TNTConcept/tntconcept-core,main,systems/TNTConcept/TNTConcept/tntconcept-core/src/main/java,systems/TNTConcept/TNTConcept/tntconcept-core/src/main/java/com/autentia/tnt/businessobject/Account.java,com.autentia.tnt.businessobject,Account,class,other,198,94,21,18,4,1,3,False,False,,Override|Override
TNTConcept,TNTConcept/tntconcept-core,main,systems/TNTConcept/TNTConcept/tntconcept-core/src/main/java,systems/TNTConcept/TNTConcept/tntconcept-core/src/main/java/com/autentia/tnt/businessobject/AccountEntry.java,com.autentia.tnt.businessobject,AccountEntry,class,other,228,138,35,32,6,1,5,False,False,,
TNTConcept,TNTConcept/tntconcept-core,main,systems/TNTConcept/TNTConcept/tntconcept-core/src/main/java,systems/TNTConcept/TNTConcept/tntconcept-core/src/main/java/com/autentia/tnt/businessobject/AccountEntryGroup.java,com.autentia.tnt.businessobject,AccountEntryGroup,class,other,169,78,17,14,4,1,3,False,False,,
TNTConcept,TNTConcept/tntconcept-core,main,systems/TNTConcept/TNTConcept/tntconcept-core/src/main/java,systems/TNTConcept/TNTConcept/tntconcept-core/src/main/java/com/autentia/tnt/businessobject/AccountEntryType.java,com.autentia.tnt.businessobject,AccountEntryType,class,other,215,101,23,20,4,1,3,False,False,,Override|Override
TNTConcept,TNTConcept/tntconcept-core,main,systems/TNTConcept/TNTConcept/tntconcept-core/src/main/java,systems/TNTConcept/TNTConcept/tntconcept-core/src/main/java/com/autentia/tnt/businessobject/AccountType.java,com.autentia.tnt.businessobject,AccountType,class,other,156,71,15,12,4,1,3,False,False,,
TNTConcept,TNTConcept/tntconcept-core,main,systems/TNTConcept/TNTConcept/tntconcept-core/src/main/java,systems/TNTConcept/TNTConcept/tntconcept-core/src/main/java/com/autentia/tnt/businessobject/Activity.java,com.autentia.tnt.businessobject,Activity,class,other,268,152,37,34,6,2,4,False,False,,Override|Override
TNTConcept,TNTConcept/tntconcept-core,main,systems/TNTConcept/TNTConcept/tntconcept-core/src/main/java,systems/TNTConcept/TNTConcept/tntconcept-core/src/main/java/com/autentia/tnt/businessobject/ActivityApprovalState.java,com.autentia.tnt.businessobject,ActivityApprovalState,enum,other,5,4,0,0,0,0,0,False,False,,
TNTConcept,TNTConcept/tntconcept-core,main,systems/TNTConcept/TNTConcept/tntconcept-core/src/main/java,systems/TNTConcept/TNTConcept/tntconcept-core/src/main/java/com/autentia/tnt/businessobject/ActivityFile.java,com.autentia.tnt.businessobject,ActivityFile,class,other,197,92,21,19,4,1,3,False,False,,Override|Override
TNTConcept,TNTConcept/tntconcept-core,main,systems/TNTConcept/TNTConcept/tntconcept-core/src/main/java,systems/TNTConcept/TNTConcept/tntconcept-core/src/main/java/com/autentia/tnt/businessobject/AdminHoliday.java,com.autentia.tnt.businessobject,AdminHoliday,class,other,207,110,27,24,4,1,3,False,False,,Override|Override
TNTConcept,TNTConcept/tntconcept-core,main,systems/TNTConcept/TNTConcept/tntconcept-core/src/main/java,systems/TNTConcept/TNTConcept/tntconcept-core/src/main/java/com/autentia/tnt/businessobject/ArchimedesSecuritySubject.java,com.autentia.tnt.businessobject,ArchimedesSecuritySubject,class,other,87,62,14,14,4,1,3,False,False,,Override|Override|Override|Override|Override|Override|Override|Override
TNTConcept,TNTConcept/tntconcept-core,main,systems/TNTConcept/TNTConcept/tntconcept-core/src/main/java,systems/TNTConcept/TNTConcept/tntconcept-core/src/main/java/com/autentia/tnt/businessobject/Bill.java,com.autentia.tnt.businessobject,Bill,class,other,631,423,83,80,8,1,7,False,False,,
TNTConcept,TNTConcept/tntconcept-core,main,systems/TNTConcept/TNTConcept/tntconcept-core/src/main/java,systems/TNTConcept/TNTConcept/tntconcept-core/src/main/java/com/autentia/tnt/businessobject/BillBreakDown.java,com.autentia.tnt.businessobject,BillBreakDown,class,other,297,174,38,35,6,1,5,False,False,,
TNTConcept,TNTConcept/tntconcept-core,main,systems/TNTConcept/TNTConcept/tntconcept-core/src/main/java,systems/TNTConcept/TNTConcept/tntconcept-core/src/main/java/com/autentia/tnt/businessobject/BillCategory.java,com.autentia.tnt.businessobject,BillCategory,class,other,96,73,17,15,4,1,3,False,False,,Override|Override|Override|Override|Override|Override|Override
TNTConcept,TNTConcept/tntconcept-core,main,systems/TNTConcept/TNTConcept/tntconcept-core/src/main/java,systems/TNTConcept/TNTConcept/tntconcept-core/src/main/java/com/autentia/tnt/businessobject/BillingType.java,com.autentia.tnt.businessobject,BillingType,enum,other,5,4,0,0,0,0,0,False,False,,
TNTConcept,TNTConcept/tntconcept-core,main,systems/TNTConcept/TNTConcept/tntconcept-core/src/main/java,systems/TNTConcept/TNTConcept/tntconcept-core/src/main/java/com/autentia/tnt/businessobject/BillPayment.java,com.autentia.tnt.businessobject,BillPayment,class,other,115,68,17,15,5,1,4,False,False,,
TNTConcept,TNTConcept/tntconcept-core,main,systems/TNTConcept/TNTConcept/tntconcept-core/src/main/java,systems/TNTConcept/TNTConcept/tntconcept-core/src/main/java/com/autentia/tnt/businessobject/BillPaymentMode.java,com.autentia.tnt.businessobject,BillPaymentMode,enum,other,25,4,0,0,0,0,0,False,False,,
TNTConcept,TNTConcept/tntconcept-core,main,systems/TNTConcept/TNTConcept/tntconcept-core/src/main/java,systems/TNTConcept/TNTConcept/tntconcept-core/src/main/java/com/autentia/tnt/businessobject/BillRegime.java,com.autentia.tnt.businessobject,BillRegime,class,other,96,74,17,15,4,1,3,False,False,,Override|Override|Override|Override|Override|Override|Override|Override
TNTConcept,TNTConcept/tntconcept-core,main,systems/TNTConcept/TNTConcept/tntconcept-core/src/main/java,systems/TNTConcept/TNTConcept/tntconcept-core/src/main/java/com/autentia/tnt/businessobject/BillState.java,com.autentia.tnt.businessobject,BillState,enum,other,25,4,0,0,0,0,0,False,False,,
TNTConcept,TNTConcept/tntconcept-core,main,systems/TNTConcept/TNTConcept/tntconcept-core/src/main/java,systems/TNTConcept/TNTConcept/tntconcept-core/src/main/java/com/autentia/tnt/businessobject/BillType.java,com.autentia.tnt.businessobject,BillType,enum,other,25,4,0,0,0,0,0,False,False,,
TNTConcept,TNTConcept/tntconcept-core,main,systems/TNTConcept/TNTConcept/tntconcept-core/src/main/java,systems/TNTConcept/TNTConcept/tntconcept-core/src/main/java/com/autentia/tnt/businessobject/Book.java,com.autentia.tnt.businessobject,Book,class,other,236,115,27,24,5,1,4,False,False,,Override|Override
TNTConcept,TNTConcept/tntconcept-core,main,systems/TNTConcept/TNTConcept/tntconcept-core/src/main/java,systems/TNTConcept/TNTConcept/tntconcept-core/src/main/java/com/autentia/tnt/businessobject/BulletinBoard.java,com.autentia.tnt.businessobject,BulletinBoard,class,other,230,128,27,24,4,1,3,False,False,,
TNTConcept,TNTConcept/tntconcept-core,main,systems/TNTConcept/TNTConcept/tntconcept-core/src/main/java,systems/TNTConcept/TNTConcept/tntconcept-core/src/main/java/com/autentia/tnt/businessobject/BulletinBoardCategory.java,com.autentia.tnt.businessobject,BulletinBoardCategory,class,other,171,80,17,14,4,1,3,False,False,,Override|Override
TNTConcept,TNTConcept/tntconcept-core,main,systems/TNTConcept/TNTConcept/tntconcept-core/src/main/java,systems/TNTConcept/TNTConcept/tntconcept-core/src/main/java/com/autentia/tnt/businessobject/Collaborator.java,com.autentia.tnt.businessobject,Collaborator,class,other,200,100,22,19,4,1,3,False,False,,Override|Override
TNTConcept,TNTConcept/tntconcept-core,main,systems/TNTConcept/TNTConcept/tntconcept-core/src/main/java,systems/TNTConcept/TNTConcept/tntconcept-core/src/main/java/com/autentia/tnt/businessobject/CollaboratorType.java,com.autentia.tnt.businessobject,CollaboratorType,enum,other,22,4,0,0,0,0,0,False,False,,
TNTConcept,TNTConcept/tntconcept-core,main,systems/TNTConcept/TNTConcept/tntconcept-core/src/main/java,systems/TNTConcept/TNTConcept/tntconcept-core/src/main/java/com/autentia/tnt/businessobject/Commissioning.java,com.autentia.tnt.businessobject,Commissioning,class,other,459,297,70,67,8,1,7,False,False,,Override|Override
TNTConcept,TNTConcept/tntconcept-core,main,systems/TNTConcept/TNTConcept/tntconcept-core/src/main/java,systems/TNTConcept/TNTConcept/tntconcept-core/src/main/java/com/autentia/tnt/businessobject/CommissioningChange.java,com.autentia.tnt.businessobject,CommissioningChange,class,other,242,113,27,25,4,1,3,False,False,,Override|Override
TNTConcept,TNTConcept/tntconcept-core,main,systems/TNTConcept/TNTConcept/tntconcept-core/src/main/java,systems/TNTConcept/TNTConcept/tntconcept-core/src/main/java/com/autentia/tnt/businessobject/CommissioningDelay.java,com.autentia.tnt.businessobject,CommissioningDelay,class,other,166,99,23,20,4,1,3,False,False,,Override|Override
TNTConcept,TNTConcept/tntconcept-core,main,systems/TNTConcept/TNTConcept/tntconcept-core/src/main/java,systems/TNTConcept/TNTConcept/tntconcept-core/src/main/java/com/autentia/tnt/businessobject/CommissioningFile.java,com.autentia.tnt.businessobject,CommissioningFile,class,other,197,92,21,19,4,1,3,False,False,,Override|Override
TNTConcept,TNTConcept/tntconcept-core,main,systems/TNTConcept/TNTConcept/tntconcept-core/src/main/java,systems/TNTConcept/TNTConcept/tntconcept-core/src/main/java/com/autentia/tnt/businessobject/CommissioningPaymentData.java,com.autentia.tnt.businessobject,CommissioningPaymentData,class,other,217,106,23,20,6,1,5,False,False,,Override|Override
TNTConcept,TNTConcept/tntconcept-core,main,systems/TNTConcept/TNTConcept/tntconcept-core/src/main/java,systems/TNTConcept/TNTConcept/tntconcept-core/src/main/java/com/autentia/tnt/businessobject/CommissioningStatus.java,com.autentia.tnt.businessobject,CommissioningStatus,enum,other,22,4,0,0,0,0,0,False,False,,
TNTConcept,TNTConcept/tntconcept-core,main,systems/TNTConcept/TNTConcept/tntconcept-core/src/main/java,systems/TNTConcept/TNTConcept/tntconcept-core/src/main/java/com/autentia/tnt/businessobject/CompanyState.java,com.autentia.tnt.businessobject,CompanyState,class,other,180,88,19,16,5,2,3,False,False,,Override|Override
TNTConcept,TNTConcept/tntconcept-core,main,systems/TNTConcept/TNTConcept/tntconcept-core/src/main/java,systems/TNTConcept/TNTConcept/tntconcept-core/src/main/java/com/autentia/tnt/businessobject/Contact.java,com.autentia.tnt.businessobject,Contact,class,other,383,253,53,47,9,3,6,False,False,,ChangesHistory|ChangesHistory|ChangesHistory|ChangesHistory|ChangesHistory|ChangesHistory|ChangesHistory|ChangesHistory|ChangesHistory|ChangesHistory|ChangesHistory|ChangesHistory|ChangesHistory|Override|Override
TNTConcept,TNTConcept/tntconcept-core,main,systems/TNTConcept/TNTConcept/tntconcept-core/src/main/java,systems/TNTConcept/TNTConcept/tntconcept-core/src/main/java/com/autentia/tnt/businessobject/ContactInfo.java,com.autentia.tnt.businessobject,ContactInfo,class,other,127,84,12,12,1,0,1,False,False,,Override|Override
TNTConcept,TNTConcept/tntconcept-core,main,systems/TNTConcept/TNTConcept/tntconcept-core/src/main/java,systems/TNTConcept/TNTConcept/tntconcept-core/src/main/java/com/autentia/tnt/businessobject/ContractType.java,com.autentia.tnt.businessobject,ContractType,class,other,170,79,17,14,4,1,3,False,False,,Override|Override
TNTConcept,TNTConcept/tntconcept-core,main,systems/TNTConcept/TNTConcept/tntconcept-core/src/main/java,systems/TNTConcept/TNTConcept/tntconcept-core/src/main/java/com/autentia/tnt/businessobject/Country.java,com.autentia.tnt.businessobject,Country,class,other,104,80,19,17,4,1,3,False,False,,Override|Override|Override|Override|Override|Override|Override
TNTConcept,TNTConcept/tntconcept-core,main,systems/TNTConcept/TNTConcept/tntconcept-core/src/main/java,systems/TNTConcept/TNTConcept/tntconcept-core/src/main/java/com/autentia/tnt/businessobject/CreditTitle.java,com.autentia.tnt.businessobject,CreditTitle,class,other,268,137,33,30,6,1,5,False,False,,Override|Override
TNTConcept,TNTConcept/tntconcept-core,main,systems/TNTConcept/TNTConcept/tntconcept-core/src/main/java,systems/TNTConcept/TNTConcept/tntconcept-core/src/main/java/com/autentia/tnt/businessobject/CreditTitleState.java,com.autentia.tnt.businessobject,CreditTitleState,enum,other,22,4,0,0,0,0,0,False,False,,
TNTConcept,TNTConcept/tntconcept-core,main,systems/TNTConcept/TNTConcept/tntconcept-core/src/main/java,systems/TNTConcept/TNTConcept/tntconcept-core/src/main/java/com/autentia/tnt/businessobject/CreditTitleType.java,com.autentia.tnt.businessobject,CreditTitleType,enum,other,22,4,0,0,0,0,0,False,False,,
TNTConcept,TNTConcept/tntconcept-core,main,systems/TNTConcept/TNTConcept/tntconcept-core/src/main/java,systems/TNTConcept/TNTConcept/tntconcept-core/src/main/java/com/autentia/tnt/businessobject/Department.java,com.autentia.tnt.businessobject,Department,class,other,228,120,28,25,7,1,6,False,False,,Override|Override
TNTConcept,TNTConcept/tntconcept-core,main,systems/TNTConcept/TNTConcept/tntconcept-core/src/main/java,systems/TNTConcept/TNTConcept/tntconcept-core/src/main/java/com/autentia/tnt/businessobject/Document.java,com.autentia.tnt.businessobject,Document,class,other,238,126,26,22,6,1,5,False,False,,
TNTConcept,TNTConcept/tntconcept-core,main,systems/TNTConcept/TNTConcept/tntconcept-core/src/main/java,systems/TNTConcept/TNTConcept/tntconcept-core/src/main/java/com/autentia/tnt/businessobject/DocumentCategory.java,com.autentia.tnt.businessobject,DocumentCategory,class,other,234,118,25,22,5,2,3,False,False,,
TNTConcept,TNTConcept/tntconcept-core,main,systems/TNTConcept/TNTConcept/tntconcept-core/src/main/java,systems/TNTConcept/TNTConcept/tntconcept-core/src/main/java/com/autentia/tnt/businessobject/DocumentVersion.java,com.autentia.tnt.businessobject,DocumentVersion,class,other,210,103,24,21,5,1,4,False,False,,
TNTConcept,TNTConcept/tntconcept-core,main,systems/TNTConcept/TNTConcept/tntconcept-core/src/main/java,systems/TNTConcept/TNTConcept/tntconcept-core/src/main/java/com/autentia/tnt/businessobject/EvaluationCriteria.java,com.autentia.tnt.businessobject,EvaluationCriteria,enum,other,23,4,0,0,0,0,0,False,False,,
TNTConcept,TNTConcept/tntconcept-core,main,systems/TNTConcept/TNTConcept/tntconcept-core/src/main/java,systems/TNTConcept/TNTConcept/tntconcept-core/src/main/java/com/autentia/tnt/businessobject/ExternalActivity.java,com.autentia.tnt.businessobject,ExternalActivity,class,other,272,161,33,31,9,2,7,False,False,,Override|Override
TNTConcept,TNTConcept/tntconcept-core,main,systems/TNTConcept/TNTConcept/tntconcept-core/src/main/java,systems/TNTConcept/TNTConcept/tntconcept-core/src/main/java/com/autentia/tnt/businessobject/FinancialRatio.java,com.autentia.tnt.businessobject,FinancialRatio,class,other,779,408,111,108,5,1,4,False,False,,Override|Override
TNTConcept,TNTConcept/tntconcept-core,main,systems/TNTConcept/TNTConcept/tntconcept-core/src/main/java,systems/TNTConcept/TNTConcept/tntconcept-core/src/main/java/com/autentia/tnt/businessobject/Frequency.java,com.autentia.tnt.businessobject,Frequency,class,other,161,76,17,14,4,1,3,False,False,,
TNTConcept,TNTConcept/tntconcept-core,main,systems/TNTConcept/TNTConcept/tntconcept-core/src/main/java,systems/TNTConcept/TNTConcept/tntconcept-core/src/main/java/com/autentia/tnt/businessobject/GlobalHourReport.java,com.autentia.tnt.businessobject,GlobalHourReport,class,other,158,77,10,10,3,0,3,False,False,,
TNTConcept,TNTConcept/tntconcept-core,main,systems/TNTConcept/TNTConcept/tntconcept-core/src/main/java,systems/TNTConcept/TNTConcept/tntconcept-core/src/main/java/com/autentia/tnt/businessobject/Holiday.java,com.autentia.tnt.businessobject,Holiday,class,other,128,75,17,15,4,1,3,False,False,,
TNTConcept,TNTConcept/tntconcept-core,main,systems/TNTConcept/TNTConcept/tntconcept-core/src/main/java,systems/TNTConcept/TNTConcept/tntconcept-core/src/main/java/com/autentia/tnt/businessobject/HolidayState.java,com.autentia.tnt.businessobject,HolidayState,enum,other,25,4,0,0,0,0,0,False,False,,
TNTConcept,TNTConcept/tntconcept-core,main,systems/TNTConcept/TNTConcept/tntconcept-core/src/main/java,systems/TNTConcept/TNTConcept/tntconcept-core/src/main/java/com/autentia/tnt/businessobject/Idea.java,com.autentia.tnt.businessobject,Idea,class,other,219,109,25,22,5,2,3,False,False,,Override|Override
TNTConcept,TNTConcept/tntconcept-core,main,systems/TNTConcept/TNTConcept/tntconcept-core/src/main/java,systems/TNTConcept/TNTConcept/tntconcept-core/src/main/java/com/autentia/tnt/businessobject/Interaction.java,com.autentia.tnt.businessobject,Interaction,class,other,261,128,31,29,5,2,3,False,False,,
TNTConcept,TNTConcept/tntconcept-core,main,systems/TNTConcept/TNTConcept/tntconcept-core/src/main/java,systems/TNTConcept/TNTConcept/tntconcept-core/src/main/java/com/autentia/tnt/businessobject/InteractionInterest.java,com.autentia.tnt.businessobject,InteractionInterest,enum,other,25,4,0,0,0,0,0,False,False,,
TNTConcept,TNTConcept/tntconcept-core,main,systems/TNTConcept/TNTConcept/tntconcept-core/src/main/java,systems/TNTConcept/TNTConcept/tntconcept-core/src/main/java/com/autentia/tnt/businessobject/InteractionType.java,com.autentia.tnt.businessobject,InteractionType,class,other,173,80,17,14,4,1,3,False,False,,Override|Override
TNTConcept,TNTConcept/tntconcept-core,main,systems/TNTConcept/TNTConcept/tntconcept-core/src/main/java,systems/TNTConcept/TNTConcept/tntconcept-core/src/main/java/com/autentia/tnt/businessobject/Inventary.java,com.autentia.tnt.businessobject,Inventary,class,other,343,172,43,40,5,1,4,False,False,,Override|Override
TNTConcept,TNTConcept/tntconcept-core,main,systems/TNTConcept/TNTConcept/tntconcept-core/src/main/java,systems/TNTConcept/TNTConcept/tntconcept-core/src/main/java/com/autentia/tnt/businessobject/InventaryType.java,com.autentia.tnt.businessobject,InventaryType,enum,other,22,4,0,0,0,0,0,False,False,,
TNTConcept,TNTConcept/tntconcept-core,main,systems/TNTConcept/TNTConcept/tntconcept-core/src/main/java,systems/TNTConcept/TNTConcept/tntconcept-core/src/main/java/com/autentia/tnt/businessobject/IVAReason.java,com.autentia.tnt.businessobject,IVAReason,class,other,95,73,17,15,4,1,3,False,False,,Override|Override|Override|Override|Override|Override|Override
TNTConcept,TNTConcept/tntconcept-core,main,systems/TNTConcept/TNTConcept/tntconcept-core/src/main/java,systems/TNTConcept/TNTConcept/tntconcept-core/src/main/java/com/autentia/tnt/businessobject/IVAType.java,com.autentia.tnt.businessobject,IVAType,class,other,87,67,15,13,5,1,4,False,False,,Override|Override|Override|Override|Override|Override|Override
TNTConcept,TNTConcept/tntconcept-core,main,systems/TNTConcept/TNTConcept/tntconcept-core/src/main/java,systems/TNTConcept/TNTConcept/tntconcept-core/src/main/java/com/autentia/tnt/businessobject/Link.java,com.autentia.tnt.businessobject,Link,class,other,109,57,15,14,4,1,3,False,False,,Override
TNTConcept,TNTConcept/tntconcept-core,main,systems/TNTConcept/TNTConcept/tntconcept-core/src/main/java,systems/TNTConcept/TNTConcept/tntconcept-core/src/main/java/com/autentia/tnt/businessobject/Magazine.java,com.autentia.tnt.businessobject,Magazine,class,other,153,78,17,14,4,1,3,False,False,,Override|Override
TNTConcept,TNTConcept/tntconcept-core,main,systems/TNTConcept/TNTConcept/tntconcept-core/src/main/java,systems/TNTConcept/TNTConcept/tntconcept-core/src/main/java/com/autentia/tnt/businessobject/Objective.java,com.autentia.tnt.businessobject,Objective,class,other,237,118,28,25,5,2,3,False,False,,
TNTConcept,TNTConcept/tntconcept-core,main,systems/TNTConcept/TNTConcept/tntconcept-core/src/main/java,systems/TNTConcept/TNTConcept/tntconcept-core/src/main/java/com/autentia/tnt/businessobject/ObjectiveState.java,com.autentia.tnt.businessobject,ObjectiveState,enum,other,22,4,0,0,0,0,0,False,False,,
TNTConcept,TNTConcept/tntconcept-core,main,systems/TNTConcept/TNTConcept/tntconcept-core/src/main/java,systems/TNTConcept/TNTConcept/tntconcept-core/src/main/java/com/autentia/tnt/businessobject/Occupation.java,com.autentia.tnt.businessobject,Occupation,class,other,220,105,25,22,3,1,2,False,False,,Override|Override
TNTConcept,TNTConcept/tntconcept-core,main,systems/TNTConcept/TNTConcept/tntconcept-core/src/main/java,systems/TNTConcept/TNTConcept/tntconcept-core/src/main/java/com/autentia/tnt/businessobject/Offer.java,com.autentia.tnt.businessobject,Offer,class,other,434,280,54,52,6,1,5,False,False,,Override|Override
TNTConcept,TNTConcept/tntconcept-core,main,systems/TNTConcept/TNTConcept/tntconcept-core/src/main/java,systems/TNTConcept/TNTConcept/tntconcept-core/src/main/java/com/autentia/tnt/businessobject/OfferCost.java,com.autentia.tnt.businessobject,OfferCost,class,other,186,116,27,25,5,1,4,False,False,,
TNTConcept,TNTConcept/tntconcept-core,main,systems/TNTConcept/TNTConcept/tntconcept-core/src/main/java,systems/TNTConcept/TNTConcept/tntconcept-core/src/main/java/com/autentia/tnt/businessobject/OfferPotential.java,com.autentia.tnt.businessobject,OfferPotential,enum,other,22,4,0,0,0,0,0,False,False,,
TNTConcept,TNTConcept/tntconcept-core,main,systems/TNTConcept/TNTConcept/tntconcept-core/src/main/java,systems/TNTConcept/TNTConcept/tntconcept-core/src/main/java/com/autentia/tnt/businessobject/OfferRejectReason.java,com.autentia.tnt.businessobject,OfferRejectReason,class,other,170,79,17,14,4,1,3,False,False,,Override|Override
TNTConcept,TNTConcept/tntconcept-core,main,systems/TNTConcept/TNTConcept/tntconcept-core/src/main/java,systems/TNTConcept/TNTConcept/tntconcept-core/src/main/java/com/autentia/tnt/businessobject/OfferRole.java,com.autentia.tnt.businessobject,OfferRole,class,other,220,110,25,23,5,1,4,False,False,,
TNTConcept,TNTConcept/tntconcept-core,main,systems/TNTConcept/TNTConcept/tntconcept-core/src/main/java,systems/TNTConcept/TNTConcept/tntconcept-core/src/main/java/com/autentia/tnt/businessobject/OfferState.java,com.autentia.tnt.businessobject,OfferState,enum,other,22,4,0,0,0,0,0,False,False,,
TNTConcept,TNTConcept/tntconcept-core,main,systems/TNTConcept/TNTConcept/tntconcept-core/src/main/java,systems/TNTConcept/TNTConcept/tntconcept-core/src/main/java/com/autentia/tnt/businessobject/Organization.java,com.autentia.tnt.businessobject,Organization,class,other,435,240,62,60,7,1,6,False,False,,Override|Override
TNTConcept,TNTConcept/tntconcept-core,main,systems/TNTConcept/TNTConcept/tntconcept-core/src/main/java,systems/TNTConcept/TNTConcept/tntconcept-core/src/main/java/com/autentia/tnt/businessobject/OrganizationDocCategory.java,com.autentia.tnt.businessobject,OrganizationDocCategory,class,other,87,66,15,13,4,1,3,False,False,,Override|Override|Override|Override|Override|Override|Override
TNTConcept,TNTConcept/tntconcept-core,main,systems/TNTConcept/TNTConcept/tntconcept-core/src/main/java,systems/TNTConcept/TNTConcept/tntconcept-core/src/main/java/com/autentia/tnt/businessobject/OrganizationISOCategory.java,com.autentia.tnt.businessobject,OrganizationISOCategory,class,other,169,79,17,14,4,1,3,False,False,,Override|Override
TNTConcept,TNTConcept/tntconcept-core,main,systems/TNTConcept/TNTConcept/tntconcept-core/src/main/java,systems/TNTConcept/TNTConcept/tntconcept-core/src/main/java/com/autentia/tnt/businessobject/OrganizationType.java,com.autentia.tnt.businessobject,OrganizationType,class,other,173,80,17,14,4,1,3,False,False,,Override|Override
TNTConcept,TNTConcept/tntconcept-core,main,systems/TNTConcept/TNTConcept/tntconcept-core/src/main/java,systems/TNTConcept/TNTConcept/tntconcept-core/src/main/java/com/autentia/tnt/businessobject/PeriodicalAccountEntry.java,com.autentia.tnt.businessobject,PeriodicalAccountEntry,class,other,255,127,31,28,5,1,4,False,False,,
TNTConcept,TNTConcept/tntconcept-core,main,systems/TNTConcept/TNTConcept/tntconcept-core/src/main/java,systems/TNTConcept/TNTConcept/tntconcept-core/src/main/java/com/autentia/tnt/businessobject/Position.java,com.autentia.tnt.businessobject,Position,class,other,293,191,47,44,7,1,6,False,False,,Override|Override
TNTConcept,TNTConcept/tntconcept-core,main,systems/TNTConcept/TNTConcept/tntconcept-core/src/main/java,systems/TNTConcept/TNTConcept/tntconcept-core/src/main/java/com/autentia/tnt/businessobject/PositionChange.java,com.autentia.tnt.businessobject,PositionChange,class,other,147,99,23,21,4,1,3,False,False,,Override|Override
TNTConcept,TNTConcept/tntconcept-core,main,systems/TNTConcept/TNTConcept/tntconcept-core/src/main/java,systems/TNTConcept/TNTConcept/tntconcept-core/src/main/java/com/autentia/tnt/businessobject/Project.java,com.autentia.tnt.businessobject,Project,class,other,408,236,45,43,7,1,6,False,False,,Override|Override
TNTConcept,TNTConcept/tntconcept-core,main,systems/TNTConcept/TNTConcept/tntconcept-core/src/main/java,systems/TNTConcept/TNTConcept/tntconcept-core/src/main/java/com/autentia/tnt/businessobject/ProjectCost.java,com.autentia.tnt.businessobject,ProjectCost,class,other,183,98,23,20,5,1,4,False,False,,
TNTConcept,TNTConcept/tntconcept-core,main,systems/TNTConcept/TNTConcept/tntconcept-core/src/main/java,systems/TNTConcept/TNTConcept/tntconcept-core/src/main/java/com/autentia/tnt/businessobject/ProjectRole.java,com.autentia.tnt.businessobject,ProjectRole,class,other,289,163,38,35,6,1,5,False,False,,
TNTConcept,TNTConcept/tntconcept-core,main,systems/TNTConcept/TNTConcept/tntconcept-core/src/main/java,systems/TNTConcept/TNTConcept/tntconcept-core/src/main/java/com/autentia/tnt/businessobject/Province.java,com.autentia.tnt.businessobject,Province,class,other,138,69,15,13,4,1,3,False,False,,
TNTConcept,TNTConcept/tntconcept-core,main,systems/TNTConcept/TNTConcept/tntconcept-core/src/main/java,systems/TNTConcept/TNTConcept/tntconcept-core/src/main/java/com/autentia/tnt/businessobject/Publication.java,com.autentia.tnt.businessobject,Publication,class,other,224,108,25,22,4,1,3,False,False,,Override|Override
TNTConcept,TNTConcept/tntconcept-core,main,systems/TNTConcept/TNTConcept/tntconcept-core/src/main/java,systems/TNTConcept/TNTConcept/tntconcept-core/src/main/java/com/autentia/tnt/businessobject/RectifiedBillCategory.java,com.autentia.tnt.businessobject,RectifiedBillCategory,class,other,87,66,15,13,4,1,3,False,False,,Override|Override|Override|Override|Override|Override|Override
TNTConcept,TNTConcept/tntconcept-core,main,systems/TNTConcept/TNTConcept/tntconcept-core/src/main/java,systems/TNTConcept/TNTConcept/tntconcept-core/src/main/java/com/autentia/tnt/businessobject/RequestHoliday.java,com.autentia.tnt.businessobject,RequestHoliday,class,other,230,115,27,24,5,2,3,False,False,,Override|Override
TNTConcept,TNTConcept/tntconcept-core,main,systems/TNTConcept/TNTConcept/tntconcept-core/src/main/java,systems/TNTConcept/TNTConcept/tntconcept-core/src/main/java/com/autentia/tnt/businessobject/RequireEvidenceType.java,com.autentia.tnt.businessobject,RequireEvidenceType,enum,other,5,4,0,0,0,0,0,False,False,,
TNTConcept,TNTConcept/tntconcept-core,main,systems/TNTConcept/TNTConcept/tntconcept-core/src/main/java,systems/TNTConcept/TNTConcept/tntconcept-core/src/main/java/com/autentia/tnt/businessobject/Role.java,com.autentia.tnt.businessobject,Role,class,other,156,71,15,12,4,1,3,False,False,,
TNTConcept,TNTConcept/tntconcept-core,main,systems/TNTConcept/TNTConcept/tntconcept-core/src/main/java,systems/TNTConcept/TNTConcept/tntconcept-core/src/main/java/com/autentia/tnt/businessobject/Setting.java,com.autentia.tnt.businessobject,Setting,class,other,184,87,19,16,4,1,3,False,False,,Override|Override
TNTConcept,TNTConcept/tntconcept-core,main,systems/TNTConcept/TNTConcept/tntconcept-core/src/main/java,systems/TNTConcept/TNTConcept/tntconcept-core/src/main/java/com/autentia/tnt/businessobject/SettingType.java,com.autentia.tnt.businessobject,SettingType,enum,other,27,5,0,0,0,0,0,False,False,,
TNTConcept,TNTConcept/tntconcept-core,main,systems/TNTConcept/TNTConcept/tntconcept-core/src/main/java,systems/TNTConcept/TNTConcept/tntconcept-core/src/main/java/com/autentia/tnt/businessobject/Tag.java,com.autentia.tnt.businessobject,Tag,class,other,199,124,28,25,7,1,6,False,False,,Override|Override
TNTConcept,TNTConcept/tntconcept-core,main,systems/TNTConcept/TNTConcept/tntconcept-core/src/main/java,systems/TNTConcept/TNTConcept/tntconcept-core/src/main/java/com/autentia/tnt/businessobject/TaxableObject.java,com.autentia.tnt.businessobject,TaxableObject,interface,other,8,5,0,0,1,0,1,False,False,,
TNTConcept,TNTConcept/tntconcept-core,main,systems/TNTConcept/TNTConcept/tntconcept-core/src/main/java,systems/TNTConcept/TNTConcept/tntconcept-core/src/main/java/com/autentia/tnt/businessobject/TimeUnitType.java,com.autentia.tnt.businessobject,TimeUnitType,enum,other,5,4,0,0,0,0,0,False,False,,
TNTConcept,TNTConcept/tntconcept-core,main,systems/TNTConcept/TNTConcept/tntconcept-core/src/main/java,systems/TNTConcept/TNTConcept/tntconcept-core/src/main/java/com/autentia/tnt/businessobject/Tutorial.java,com.autentia.tnt.businessobject,Tutorial,class,other,220,109,25,22,5,2,3,False,False,,Override|Override
TNTConcept,TNTConcept/tntconcept-core,main,systems/TNTConcept/TNTConcept/tntconcept-core/src/main/java,systems/TNTConcept/TNTConcept/tntconcept-core/src/main/java/com/autentia/tnt/businessobject/User.java,com.autentia.tnt.businessobject,User,class,other,674,451,118,114,9,2,7,False,False,,Override|Override
TNTConcept,TNTConcept/tntconcept-core,main,systems/TNTConcept/TNTConcept/tntconcept-core/src/main/java,systems/TNTConcept/TNTConcept/tntconcept-core/src/main/java/com/autentia/tnt/businessobject/UserCategory.java,com.autentia.tnt.businessobject,UserCategory,class,other,158,73,15,12,4,1,3,False,False,,Override|Override
TNTConcept,TNTConcept/tntconcept-core,main,systems/TNTConcept/TNTConcept/tntconcept-core/src/main/java,systems/TNTConcept/TNTConcept/tntconcept-core/src/main/java/com/autentia/tnt/businessobject/UserGenre.java,com.autentia.tnt.businessobject,UserGenre,enum,other,27,5,0,0,0,0,0,False,False,,
TNTConcept,TNTConcept/tntconcept-core,main,systems/TNTConcept/TNTConcept/tntconcept-core/src/main/java,systems/TNTConcept/TNTConcept/tntconcept-core/src/main/java/com/autentia/tnt/businessobject/UserHolidaysState.java,com.autentia.tnt.businessobject,UserHolidaysState,class,other,64,35,9,9,1,0,1,False,False,,
TNTConcept,TNTConcept/tntconcept-core,main,systems/TNTConcept/TNTConcept/tntconcept-core/src/main/java,systems/TNTConcept/TNTConcept/tntconcept-core/src/main/java/com/autentia/tnt/businessobject/WorkingAgreement.java,com.autentia.tnt.businessobject,WorkingAgreement,class,other,178,111,25,21,6,1,5,False,False,,Override|Override
TNTConcept,TNTConcept/tntconcept-core,main,systems/TNTConcept/TNTConcept/tntconcept-core/src/main/java,systems/TNTConcept/TNTConcept/tntconcept-core/src/main/java/com/autentia/tnt/businessobject/WorkingAgreementTerms.java,com.autentia.tnt.businessobject,WorkingAgreementTerms,class,other,111,72,16,16,5,0,5,False,False,,Override|Override
TNTConcept,TNTConcept/tntconcept-core,main,systems/TNTConcept/TNTConcept/tntconcept-core/src/main/java,systems/TNTConcept/TNTConcept/tntconcept-core/src/main/java/com/autentia/tnt/dao/DataAccException.java,com.autentia.tnt.dao,DataAccException,class,repository,50,11,4,4,0,0,0,False,False,,
TNTConcept,TNTConcept/tntconcept-core,main,systems/TNTConcept/TNTConcept/tntconcept-core/src/main/java,systems/TNTConcept/TNTConcept/tntconcept-core/src/main/java/com/autentia/tnt/dao/DataIntegrityException.java,com.autentia.tnt.dao,DataIntegrityException,class,repository,29,6,2,2,0,0,0,False,False,,
TNTConcept,TNTConcept/tntconcept-core,main,systems/TNTConcept/TNTConcept/tntconcept-core/src/main/java,systems/TNTConcept/TNTConcept/tntconcept-core/src/main/java/com/autentia/tnt/dao/DataNotFoundException.java,com.autentia.tnt.dao,DataNotFoundException,class,repository,35,9,4,4,0,0,0,False,False,,
TNTConcept,TNTConcept/tntconcept-core,main,systems/TNTConcept/TNTConcept/tntconcept-core/src/main/java,systems/TNTConcept/TNTConcept/tntconcept-core/src/main/java/com/autentia/tnt/dao/hibernate/AccountDAO.java,com.autentia.tnt.dao.hibernate,AccountDAO,class,repository,121,40,10,10,8,5,3,False,False,,
TNTConcept,TNTConcept/tntconcept-core,main,systems/TNTConcept/TNTConcept/tntconcept-core/src/main/java,systems/TNTConcept/TNTConcept/tntconcept-core/src/main/java/com/autentia/tnt/dao/hibernate/AccountEntryDAO.java,com.autentia.tnt.dao.hibernate,AccountEntryDAO,class,repository,119,40,10,10,8,5,3,False,False,,
TNTConcept,TNTConcept/tntconcept-core,main,systems/TNTConcept/TNTConcept/tntconcept-core/src/main/java,systems/TNTConcept/TNTConcept/tntconcept-core/src/main/java/com/autentia/tnt/dao/hibernate/AccountEntryGroupDAO.java,com.autentia.tnt.dao.hibernate,AccountEntryGroupDAO,class,repository,117,40,10,10,8,5,3,False,False,,
TNTConcept,TNTConcept/tntconcept-core,main,systems/TNTConcept/TNTConcept/tntconcept-core/src/main/java,systems/TNTConcept/TNTConcept/tntconcept-core/src/main/java/com/autentia/tnt/dao/hibernate/AccountEntryTypeDAO.java,com.autentia.tnt.dao.hibernate,AccountEntryTypeDAO,class,repository,119,39,10,10,8,5,3,False,False,,
TNTConcept,TNTConcept/tntconcept-core,main,systems/TNTConcept/TNTConcept/tntconcept-core/src/main/java,systems/TNTConcept/TNTConcept/tntconcept-core/src/main/java/com/autentia/tnt/dao/hibernate/AccountTypeDAO.java,com.autentia.tnt.dao.hibernate,AccountTypeDAO,class,repository,116,40,10,10,8,5,3,False,False,,
TNTConcept,TNTConcept/tntconcept-core,main,systems/TNTConcept/TNTConcept/tntconcept-core/src/main/java,systems/TNTConcept/TNTConcept/tntconcept-core/src/main/java/com/autentia/tnt/dao/hibernate/ActivityDAO.java,com.autentia.tnt.dao.hibernate,ActivityDAO,class,repository,121,38,10,10,5,3,2,False,False,,
TNTConcept,TNTConcept/tntconcept-core,main,systems/TNTConcept/TNTConcept/tntconcept-core/src/main/java,systems/TNTConcept/TNTConcept/tntconcept-core/src/main/java/com/autentia/tnt/dao/hibernate/ActivityFileDAO.java,com.autentia.tnt.dao.hibernate,ActivityFileDAO,class,repository,121,38,10,10,5,3,2,False,False,,
TNTConcept,TNTConcept/tntconcept-core,main,systems/TNTConcept/TNTConcept/tntconcept-core/src/main/java,systems/TNTConcept/TNTConcept/tntconcept-core/src/main/java/com/autentia/tnt/dao/hibernate/AdminHolidayDAO.java,com.autentia.tnt.dao.hibernate,AdminHolidayDAO,class,repository,136,43,10,10,6,3,3,False,False,,
TNTConcept,TNTConcept/tntconcept-core,main,systems/TNTConcept/TNTConcept/tntconcept-core/src/main/java,systems/TNTConcept/TNTConcept/tntconcept-core/src/main/java/com/autentia/tnt/dao/hibernate/ArchimedesSecuritySubjectDAO.java,com.autentia.tnt.dao.hibernate,ArchimedesSecuritySubjectDAO,class,repository,78,59,11,11,11,7,4,False,False,,Override|Override|Override|Override|Override|Override
TNTConcept,TNTConcept/tntconcept-core,main,systems/TNTConcept/TNTConcept/tntconcept-core/src/main/java,systems/TNTConcept/TNTConcept/tntconcept-core/src/main/java/com/autentia/tnt/dao/hibernate/BillBreakDownDAO.java,com.autentia.tnt.dao.hibernate,BillBreakDownDAO,class,repository,126,41,10,10,8,5,3,False,False,,
TNTConcept,TNTConcept/tntconcept-core,main,systems/TNTConcept/TNTConcept/tntconcept-core/src/main/java,systems/TNTConcept/TNTConcept/tntconcept-core/src/main/java/com/autentia/tnt/dao/hibernate/BillCategoryDAO.java,com.autentia.tnt.dao.hibernate,BillCategoryDAO,class,repository,96,44,8,8,8,5,3,False,False,,Override|Override|Override|Override|Override|Override|Override
TNTConcept,TNTConcept/tntconcept-core,main,systems/TNTConcept/TNTConcept/tntconcept-core/src/main/java,systems/TNTConcept/TNTConcept/tntconcept-core/src/main/java/com/autentia/tnt/dao/hibernate/BillDAO.java,com.autentia.tnt.dao.hibernate,BillDAO,class,repository,121,38,10,10,5,3,2,False,False,,
TNTConcept,TNTConcept/tntconcept-core,main,systems/TNTConcept/TNTConcept/tntconcept-core/src/main/java,systems/TNTConcept/TNTConcept/tntconcept-core/src/main/java/com/autentia/tnt/dao/hibernate/BillRegimeDAO.java,com.autentia.tnt.dao.hibernate,BillRegimeDAO,class,repository,96,44,8,8,8,5,3,False,False,,Override|Override|Override|Override|Override|Override|Override
TNTConcept,TNTConcept/tntconcept-core,main,systems/TNTConcept/TNTConcept/tntconcept-core/src/main/java,systems/TNTConcept/TNTConcept/tntconcept-core/src/main/java/com/autentia/tnt/dao/hibernate/BookDAO.java,com.autentia.tnt.dao.hibernate,BookDAO,class,repository,120,38,10,10,5,3,2,False,False,,
TNTConcept,TNTConcept/tntconcept-core,main,systems/TNTConcept/TNTConcept/tntconcept-core/src/main/java,systems/TNTConcept/TNTConcept/tntconcept-core/src/main/java/com/autentia/tnt/dao/hibernate/BulletinBoardCategoryDAO.java,com.autentia.tnt.dao.hibernate,BulletinBoardCategoryDAO,class,repository,129,42,11,11,6,4,2,False,False,,
TNTConcept,TNTConcept/tntconcept-core,main,systems/TNTConcept/TNTConcept/tntconcept-core/src/main/java,systems/TNTConcept/TNTConcept/tntconcept-core/src/main/java/com/autentia/tnt/dao/hibernate/BulletinBoardDAO.java,com.autentia.tnt.dao.hibernate,BulletinBoardDAO,class,repository,129,49,12,12,6,4,2,False,False,,
TNTConcept,TNTConcept/tntconcept-core,main,systems/TNTConcept/TNTConcept/tntconcept-core/src/main/java,systems/TNTConcept/TNTConcept/tntconcept-core/src/main/java/com/autentia/tnt/dao/hibernate/CollaboratorDAO.java,com.autentia.tnt.dao.hibernate,CollaboratorDAO,class,repository,120,38,10,10,5,3,2,False,False,,
TNTConcept,TNTConcept/tntconcept-core,main,systems/TNTConcept/TNTConcept/tntconcept-core/src/main/java,systems/TNTConcept/TNTConcept/tntconcept-core/src/main/java/com/autentia/tnt/dao/hibernate/CommissioningDAO.java,com.autentia.tnt.dao.hibernate,CommissioningDAO,class,repository,125,39,10,10,6,3,3,False,False,,
TNTConcept,TNTConcept/tntconcept-core,main,systems/TNTConcept/TNTConcept/tntconcept-core/src/main/java,systems/TNTConcept/TNTConcept/tntconcept-core/src/main/java/com/autentia/tnt/dao/hibernate/CommissioningFileDAO.java,com.autentia.tnt.dao.hibernate,CommissioningFileDAO,class,repository,118,40,10,10,8,5,3,False,False,,
TNTConcept,TNTConcept/tntconcept-core,main,systems/TNTConcept/TNTConcept/tntconcept-core/src/main/java,systems/TNTConcept/TNTConcept/tntconcept-core/src/main/java/com/autentia/tnt/dao/hibernate/CommissioningPaymentDataDAO.java,com.autentia.tnt.dao.hibernate,CommissioningPaymentDataDAO,class,repository,118,40,10,10,8,5,3,False,False,,
TNTConcept,TNTConcept/tntconcept-core,main,systems/TNTConcept/TNTConcept/tntconcept-core/src/main/java,systems/TNTConcept/TNTConcept/tntconcept-core/src/main/java/com/autentia/tnt/dao/hibernate/CompanyStateDAO.java,com.autentia.tnt.dao.hibernate,CompanyStateDAO,class,repository,120,38,10,10,5,3,2,False,False,,
TNTConcept,TNTConcept/tntconcept-core,main,systems/TNTConcept/TNTConcept/tntconcept-core/src/main/java,systems/TNTConcept/TNTConcept/tntconcept-core/src/main/java/com/autentia/tnt/dao/hibernate/ContactDAO.java,com.autentia.tnt.dao.hibernate,ContactDAO,class,repository,154,47,12,12,7,5,2,False,False,,
TNTConcept,TNTConcept/tntconcept-core,main,systems/TNTConcept/TNTConcept/tntconcept-core/src/main/java,systems/TNTConcept/TNTConcept/tntconcept-core/src/main/java/com/autentia/tnt/dao/hibernate/ContractTypeDAO.java,com.autentia.tnt.dao.hibernate,ContractTypeDAO,class,repository,124,41,10,10,8,5,3,False,False,,
TNTConcept,TNTConcept/tntconcept-core,main,systems/TNTConcept/TNTConcept/tntconcept-core/src/main/java,systems/TNTConcept/TNTConcept/tntconcept-core/src/main/java/com/autentia/tnt/dao/hibernate/CountryDAO.java,com.autentia.tnt.dao.hibernate,CountryDAO,class,repository,96,44,8,8,8,5,3,False,False,,Override|Override|Override|Override|Override|Override|Override
TNTConcept,TNTConcept/tntconcept-core,main,systems/TNTConcept/TNTConcept/tntconcept-core/src/main/java,systems/TNTConcept/TNTConcept/tntconcept-core/src/main/java/com/autentia/tnt/dao/hibernate/CreditTitleDAO.java,com.autentia.tnt.dao.hibernate,CreditTitleDAO,class,repository,122,41,10,10,8,5,3,False,False,,
TNTConcept,TNTConcept/tntconcept-core,main,systems/TNTConcept/TNTConcept/tntconcept-core/src/main/java,systems/TNTConcept/TNTConcept/tntconcept-core/src/main/java/com/autentia/tnt/dao/hibernate/DepartmentDAO.java,com.autentia.tnt.dao.hibernate,DepartmentDAO,class,repository,136,48,12,12,9,6,3,False,False,,
TNTConcept,TNTConcept/tntconcept-core,main,systems/TNTConcept/TNTConcept/tntconcept-core/src/main/java,systems/TNTConcept/TNTConcept/tntconcept-core/src/main/java/com/autentia/tnt/dao/hibernate/DocumentCategoryDAO.java,com.autentia.tnt.dao.hibernate,DocumentCategoryDAO,class,repository,127,45,11,11,5,3,2,False,False,,
TNTConcept,TNTConcept/tntconcept-core,main,systems/TNTConcept/TNTConcept/tntconcept-core/src/main/java,systems/TNTConcept/TNTConcept/tntconcept-core/src/main/java/com/autentia/tnt/dao/hibernate/DocumentDAO.java,com.autentia.tnt.dao.hibernate,DocumentDAO,class,repository,135,53,12,12,9,5,4,False,False,,
TNTConcept,TNTConcept/tntconcept-core,main,systems/TNTConcept/TNTConcept/tntconcept-core/src/main/java,systems/TNTConcept/TNTConcept/tntconcept-core/src/main/java/com/autentia/tnt/dao/hibernate/DocumentVersionDAO.java,com.autentia.tnt.dao.hibernate,DocumentVersionDAO,class,repository,117,38,10,10,5,3,2,False,False,,
TNTConcept,TNTConcept/tntconcept-core,main,systems/TNTConcept/TNTConcept/tntconcept-core/src/main/java,systems/TNTConcept/TNTConcept/tntconcept-core/src/main/java/com/autentia/tnt/dao/hibernate/ExternalActivityDAO.java,com.autentia.tnt.dao.hibernate,ExternalActivityDAO,class,repository,108,38,8,8,8,5,3,False,False,,
TNTConcept,TNTConcept/tntconcept-core,main,systems/TNTConcept/TNTConcept/tntconcept-core/src/main/java,systems/TNTConcept/TNTConcept/tntconcept-core/src/main/java/com/autentia/tnt/dao/hibernate/FinancialRatioDAO.java,com.autentia.tnt.dao.hibernate,FinancialRatioDAO,class,repository,122,40,10,10,8,5,3,False,False,,
TNTConcept,TNTConcept/tntconcept-core,main,systems/TNTConcept/TNTConcept/tntconcept-core/src/main/java,systems/TNTConcept/TNTConcept/tntconcept-core/src/main/java/com/autentia/tnt/dao/hibernate/FrequencyDAO.java,com.autentia.tnt.dao.hibernate,FrequencyDAO,class,repository,118,41,10,10,8,5,3,False,False,,Override
TNTConcept,TNTConcept/tntconcept-core,main,systems/TNTConcept/TNTConcept/tntconcept-core/src/main/java,systems/TNTConcept/TNTConcept/tntconcept-core/src/main/java/com/autentia/tnt/dao/hibernate/HibernateManagerBase.java,com.autentia.tnt.dao.hibernate,HibernateManagerBase,class,repository,605,381,30,9,17,8,9,False,False,,SuppressWarnings
TNTConcept,TNTConcept/tntconcept-core,main,systems/TNTConcept/TNTConcept/tntconcept-core/src/main/java,systems/TNTConcept/TNTConcept/tntconcept-core/src/main/java/com/autentia/tnt/dao/hibernate/HolidayDAO.java,com.autentia.tnt.dao.hibernate,HolidayDAO,class,repository,116,38,10,10,5,3,2,False,False,,
TNTConcept,TNTConcept/tntconcept-core,main,systems/TNTConcept/TNTConcept/tntconcept-core/src/main/java,systems/TNTConcept/TNTConcept/tntconcept-core/src/main/java/com/autentia/tnt/dao/hibernate/IdeaDAO.java,com.autentia.tnt.dao.hibernate,IdeaDAO,class,repository,120,38,10,10,5,3,2,False,False,,
TNTConcept,TNTConcept/tntconcept-core,main,systems/TNTConcept/TNTConcept/tntconcept-core/src/main/java,systems/TNTConcept/TNTConcept/tntconcept-core/src/main/java/com/autentia/tnt/dao/hibernate/InteractionDAO.java,com.autentia.tnt.dao.hibernate,InteractionDAO,class,repository,116,38,10,10,5,3,2,False,False,,
TNTConcept,TNTConcept/tntconcept-core,main,systems/TNTConcept/TNTConcept/tntconcept-core/src/main/java,systems/TNTConcept/TNTConcept/tntconcept-core/src/main/java/com/autentia/tnt/dao/hibernate/InteractionTypeDAO.java,com.autentia.tnt.dao.hibernate,InteractionTypeDAO,class,repository,123,41,10,10,8,5,3,False,False,,
TNTConcept,TNTConcept/tntconcept-core,main,systems/TNTConcept/TNTConcept/tntconcept-core/src/main/java,systems/TNTConcept/TNTConcept/tntconcept-core/src/main/java/com/autentia/tnt/dao/hibernate/InventaryDAO.java,com.autentia.tnt.dao.hibernate,InventaryDAO,class,repository,120,38,10,10,5,3,2,False,False,,
TNTConcept,TNTConcept/tntconcept-core,main,systems/TNTConcept/TNTConcept/tntconcept-core/src/main/java,systems/TNTConcept/TNTConcept/tntconcept-core/src/main/java/com/autentia/tnt/dao/hibernate/IVAReasonDAO.java,com.autentia.tnt.dao.hibernate,IVAReasonDAO,class,repository,96,44,8,8,8,5,3,False,False,,Override|Override|Override|Override|Override|Override|Override
TNTConcept,TNTConcept/tntconcept-core,main,systems/TNTConcept/TNTConcept/tntconcept-core/src/main/java,systems/TNTConcept/TNTConcept/tntconcept-core/src/main/java/com/autentia/tnt/dao/hibernate/IVATypeDAO.java,com.autentia.tnt.dao.hibernate,IVATypeDAO,class,repository,96,44,8,8,8,5,3,False,False,,Override|Override|Override|Override|Override|Override|Override
TNTConcept,TNTConcept/tntconcept-core,main,systems/TNTConcept/TNTConcept/tntconcept-core/src/main/java,systems/TNTConcept/TNTConcept/tntconcept-core/src/main/java/com/autentia/tnt/dao/hibernate/LinkDAO.java,com.autentia.tnt.dao.hibernate,LinkDAO,class,repository,84,42,11,11,8,5,3,False,False,,Override
TNTConcept,TNTConcept/tntconcept-core,main,systems/TNTConcept/TNTConcept/tntconcept-core/src/main/java,systems/TNTConcept/TNTConcept/tntconcept-core/src/main/java/com/autentia/tnt/dao/hibernate/MagazineDAO.java,com.autentia.tnt.dao.hibernate,MagazineDAO,class,repository,120,38,10,10,5,3,2,False,False,,
TNTConcept,TNTConcept/tntconcept-core,main,systems/TNTConcept/TNTConcept/tntconcept-core/src/main/java,systems/TNTConcept/TNTConcept/tntconcept-core/src/main/java/com/autentia/tnt/dao/hibernate/ObjectiveDAO.java,com.autentia.tnt.dao.hibernate,ObjectiveDAO,class,repository,115,38,10,10,5,3,2,False,False,,
TNTConcept,TNTConcept/tntconcept-core,main,systems/TNTConcept/TNTConcept/tntconcept-core/src/main/java,systems/TNTConcept/TNTConcept/tntconcept-core/src/main/java/com/autentia/tnt/dao/hibernate/OccupationDAO.java,com.autentia.tnt.dao.hibernate,OccupationDAO,class,repository,123,41,10,10,8,5,3,False,False,,
TNTConcept,TNTConcept/tntconcept-core,main,systems/TNTConcept/TNTConcept/tntconcept-core/src/main/java,systems/TNTConcept/TNTConcept/tntconcept-core/src/main/java/com/autentia/tnt/dao/hibernate/OfferCostDAO.java,com.autentia.tnt.dao.hibernate,OfferCostDAO,class,repository,120,41,10,10,8,5,3,False,False,,
TNTConcept,TNTConcept/tntconcept-core,main,systems/TNTConcept/TNTConcept/tntconcept-core/src/main/java,systems/TNTConcept/TNTConcept/tntconcept-core/src/main/java/com/autentia/tnt/dao/hibernate/OfferDAO.java,com.autentia.tnt.dao.hibernate,OfferDAO,class,repository,124,41,10,10,8,5,3,False,False,,
TNTConcept,TNTConcept/tntconcept-core,main,systems/TNTConcept/TNTConcept/tntconcept-core/src/main/java,systems/TNTConcept/TNTConcept/tntconcept-core/src/main/java/com/autentia/tnt/dao/hibernate/OfferRejectReasonDAO.java,com.autentia.tnt.dao.hibernate,OfferRejectReasonDAO,class,repository,128,41,10,10,8,5,3,False,False,,
TNTConcept,TNTConcept/tntconcept-core,main,systems/TNTConcept/TNTConcept/tntconcept-core/src/main/java,systems/TNTConcept/TNTConcept/tntconcept-core/src/main/java/com/autentia/tnt/dao/hibernate/OfferRoleDAO.java,com.autentia.tnt.dao.hibernate,OfferRoleDAO,class,repository,120,41,10,10,8,5,3,False,False,,
TNTConcept,TNTConcept/tntconcept-core,main,systems/TNTConcept/TNTConcept/tntconcept-core/src/main/java,systems/TNTConcept/TNTConcept/tntconcept-core/src/main/java/com/autentia/tnt/dao/hibernate/OrganizationDAO.java,com.autentia.tnt.dao.hibernate,OrganizationDAO,class,repository,149,60,12,12,10,7,3,False,False,,
TNTConcept,TNTConcept/tntconcept-core,main,systems/TNTConcept/TNTConcept/tntconcept-core/src/main/java,systems/TNTConcept/TNTConcept/tntconcept-core/src/main/java/com/autentia/tnt/dao/hibernate/OrganizationDocCategoryDAO.java,com.autentia.tnt.dao.hibernate,OrganizationDocCategoryDAO,class,repository,103,41,10,10,8,5,3,False,False,,
TNTConcept,TNTConcept/tntconcept-core,main,systems/TNTConcept/TNTConcept/tntconcept-core/src/main/java,systems/TNTConcept/TNTConcept/tntconcept-core/src/main/java/com/autentia/tnt/dao/hibernate/OrganizationISOCategoryDAO.java,com.autentia.tnt.dao.hibernate,OrganizationISOCategoryDAO,class,repository,126,41,10,10,8,5,3,False,False,,
TNTConcept,TNTConcept/tntconcept-core,main,systems/TNTConcept/TNTConcept/tntconcept-core/src/main/java,systems/TNTConcept/TNTConcept/tntconcept-core/src/main/java/com/autentia/tnt/dao/hibernate/OrganizationTypeDAO.java,com.autentia.tnt.dao.hibernate,OrganizationTypeDAO,class,repository,128,41,10,10,8,5,3,False,False,,
TNTConcept,TNTConcept/tntconcept-core,main,systems/TNTConcept/TNTConcept/tntconcept-core/src/main/java,systems/TNTConcept/TNTConcept/tntconcept-core/src/main/java/com/autentia/tnt/dao/hibernate/PeriodicalAccountEntryDAO.java,com.autentia.tnt.dao.hibernate,PeriodicalAccountEntryDAO,class,repository,120,40,10,10,8,5,3,False,False,,
TNTConcept,TNTConcept/tntconcept-core,main,systems/TNTConcept/TNTConcept/tntconcept-core/src/main/java,systems/TNTConcept/TNTConcept/tntconcept-core/src/main/java/com/autentia/tnt/dao/hibernate/PositionDAO.java,com.autentia.tnt.dao.hibernate,PositionDAO,class,repository,171,54,14,14,11,8,3,False,False,,
TNTConcept,TNTConcept/tntconcept-core,main,systems/TNTConcept/TNTConcept/tntconcept-core/src/main/java,systems/TNTConcept/TNTConcept/tntconcept-core/src/main/java/com/autentia/tnt/dao/hibernate/ProjectCostDAO.java,com.autentia.tnt.dao.hibernate,ProjectCostDAO,class,repository,116,38,10,10,5,3,2,False,False,,
TNTConcept,TNTConcept/tntconcept-core,main,systems/TNTConcept/TNTConcept/tntconcept-core/src/main/java,systems/TNTConcept/TNTConcept/tntconcept-core/src/main/java/com/autentia/tnt/dao/hibernate/ProjectDAO.java,com.autentia.tnt.dao.hibernate,ProjectDAO,class,repository,156,62,13,13,5,3,2,False,False,,
TNTConcept,TNTConcept/tntconcept-core,main,systems/TNTConcept/TNTConcept/tntconcept-core/src/main/java,systems/TNTConcept/TNTConcept/tntconcept-core/src/main/java/com/autentia/tnt/dao/hibernate/ProjectRoleDAO.java,com.autentia.tnt.dao.hibernate,ProjectRoleDAO,class,repository,115,38,10,10,5,3,2,False,False,,
TNTConcept,TNTConcept/tntconcept-core,main,systems/TNTConcept/TNTConcept/tntconcept-core/src/main/java,systems/TNTConcept/TNTConcept/tntconcept-core/src/main/java/com/autentia/tnt/dao/hibernate/ProvinceDAO.java,com.autentia.tnt.dao.hibernate,ProvinceDAO,class,repository,116,38,10,10,5,3,2,False,False,,
TNTConcept,TNTConcept/tntconcept-core,main,systems/TNTConcept/TNTConcept/tntconcept-core/src/main/java,systems/TNTConcept/TNTConcept/tntconcept-core/src/main/java/com/autentia/tnt/dao/hibernate/PublicationDAO.java,com.autentia.tnt.dao.hibernate,PublicationDAO,class,repository,120,38,10,10,5,3,2,False,False,,
TNTConcept,TNTConcept/tntconcept-core,main,systems/TNTConcept/TNTConcept/tntconcept-core/src/main/java,systems/TNTConcept/TNTConcept/tntconcept-core/src/main/java/com/autentia/tnt/dao/hibernate/RectifiedBillCategoryDAO.java,com.autentia.tnt.dao.hibernate,RectifiedBillCategoryDAO,class,repository,96,44,8,8,8,5,3,False,False,,Override|Override|Override|Override|Override|Override|Override
TNTConcept,TNTConcept/tntconcept-core,main,systems/TNTConcept/TNTConcept/tntconcept-core/src/main/java,systems/TNTConcept/TNTConcept/tntconcept-core/src/main/java/com/autentia/tnt/dao/hibernate/RequestHolidayDAO.java,com.autentia.tnt.dao.hibernate,RequestHolidayDAO,class,repository,118,38,10,10,5,3,2,False,False,,
TNTConcept,TNTConcept/tntconcept-core,main,systems/TNTConcept/TNTConcept/tntconcept-core/src/main/java,systems/TNTConcept/TNTConcept/tntconcept-core/src/main/java/com/autentia/tnt/dao/hibernate/RoleDAO.java,com.autentia.tnt.dao.hibernate,RoleDAO,class,repository,118,38,10,10,5,3,2,False,False,,
TNTConcept,TNTConcept/tntconcept-core,main,systems/TNTConcept/TNTConcept/tntconcept-core/src/main/java,systems/TNTConcept/TNTConcept/tntconcept-core/src/main/java/com/autentia/tnt/dao/hibernate/SettingDAO.java,com.autentia.tnt.dao.hibernate,SettingDAO,class,repository,121,38,10,10,5,3,2,False,False,,
TNTConcept,TNTConcept/tntconcept-core,main,systems/TNTConcept/TNTConcept/tntconcept-core/src/main/java,systems/TNTConcept/TNTConcept/tntconcept-core/src/main/java/com/autentia/tnt/dao/hibernate/TagDAO.java,com.autentia.tnt.dao.hibernate,TagDAO,class,repository,120,36,10,10,5,3,2,False,False,,
TNTConcept,TNTConcept/tntconcept-core,main,systems/TNTConcept/TNTConcept/tntconcept-core/src/main/java,systems/TNTConcept/TNTConcept/tntconcept-core/src/main/java/com/autentia/tnt/dao/hibernate/TutorialDAO.java,com.autentia.tnt.dao.hibernate,TutorialDAO,class,repository,133,44,11,11,6,4,2,False,False,,
TNTConcept,TNTConcept/tntconcept-core,main,systems/TNTConcept/TNTConcept/tntconcept-core/src/main/java,systems/TNTConcept/TNTConcept/tntconcept-core/src/main/java/com/autentia/tnt/dao/hibernate/UserCategoryDAO.java,com.autentia.tnt.dao.hibernate,UserCategoryDAO,class,repository,120,38,10,10,5,3,2,False,False,,
TNTConcept,TNTConcept/tntconcept-core,main,systems/TNTConcept/TNTConcept/tntconcept-core/src/main/java,systems/TNTConcept/TNTConcept/tntconcept-core/src/main/java/com/autentia/tnt/dao/hibernate/UserDAO.java,com.autentia.tnt.dao.hibernate,UserDAO,class,repository,167,68,12,12,11,8,3,False,False,,
TNTConcept,TNTConcept/tntconcept-core,main,systems/TNTConcept/TNTConcept/tntconcept-core/src/main/java,systems/TNTConcept/TNTConcept/tntconcept-core/src/main/java/com/autentia/tnt/dao/hibernate/WorkingAgreementDAO.java,com.autentia.tnt.dao.hibernate,WorkingAgreementDAO,class,repository,121,41,10,10,8,5,3,False,False,,
TNTConcept,TNTConcept/tntconcept-core,main,systems/TNTConcept/TNTConcept/tntconcept-core/src/main/java,systems/TNTConcept/TNTConcept/tntconcept-core/src/main/java/com/autentia/tnt/dao/IDataAccessObject.java,com.autentia.tnt.dao,IDataAccessObject,interface,repository,77,12,0,0,1,0,1,False,False,,
TNTConcept,TNTConcept/tntconcept-core,main,systems/TNTConcept/TNTConcept/tntconcept-core/src/main/java,systems/TNTConcept/TNTConcept/tntconcept-core/src/main/java/com/autentia/tnt/dao/ITransferObject.java,com.autentia.tnt.dao,ITransferObject,interface,repository,70,13,0,0,2,0,2,False,False,,
TNTConcept,TNTConcept/tntconcept-core,main,systems/TNTConcept/TNTConcept/tntconcept-core/src/main/java,systems/TNTConcept/TNTConcept/tntconcept-core/src/main/java/com/autentia/tnt/dao/search/AccountEntryGroupSearch.java,com.autentia.tnt.dao.search,AccountEntryGroupSearch,class,repository,461,307,42,37,3,1,2,False,False,,Override|Override|Override|Override
TNTConcept,TNTConcept/tntconcept-core,main,systems/TNTConcept/TNTConcept/tntconcept-core/src/main/java,systems/TNTConcept/TNTConcept/tntconcept-core/src/main/java/com/autentia/tnt/dao/search/AccountEntrySearch.java,com.autentia.tnt.dao.search,AccountEntrySearch,class,repository,1172,772,98,93,5,3,2,False,False,,Override|Override|Override|Override
TNTConcept,TNTConcept/tntconcept-core,main,systems/TNTConcept/TNTConcept/tntconcept-core/src/main/java,systems/TNTConcept/TNTConcept/tntconcept-core/src/main/java/com/autentia/tnt/dao/search/AccountEntryTypeSearch.java,com.autentia.tnt.dao.search,AccountEntryTypeSearch,class,repository,705,435,57,52,5,2,3,False,False,,Override|Override|Override|Override
TNTConcept,TNTConcept/tntconcept-core,main,systems/TNTConcept/TNTConcept/tntconcept-core/src/main/java,systems/TNTConcept/TNTConcept/tntconcept-core/src/main/java/com/autentia/tnt/dao/search/AccountSearch.java,com.autentia.tnt.dao.search,AccountSearch,class,repository,615,373,50,45,5,2,3,False,False,,Override|Override|Override|Override
TNTConcept,TNTConcept/tntconcept-core,main,systems/TNTConcept/TNTConcept/tntconcept-core/src/main/java,systems/TNTConcept/TNTConcept/tntconcept-core/src/main/java/com/autentia/tnt/dao/search/AccountTypeSearch.java,com.autentia.tnt.dao.search,AccountTypeSearch,class,repository,414,277,38,33,5,2,3,False,False,,Override|Override|Override|Override
TNTConcept,TNTConcept/tntconcept-core,main,systems/TNTConcept/TNTConcept/tntconcept-core/src/main/java,systems/TNTConcept/TNTConcept/tntconcept-core/src/main/java/com/autentia/tnt/dao/search/ActivityFileSearch.java,com.autentia.tnt.dao.search,ActivityFileSearch,class,repository,454,282,37,37,5,3,2,False,False,,Override|Override|Override|Override
TNTConcept,TNTConcept/tntconcept-core,main,systems/TNTConcept/TNTConcept/tntconcept-core/src/main/java,systems/TNTConcept/TNTConcept/tntconcept-core/src/main/java/com/autentia/tnt/dao/search/ActivitySearch.java,com.autentia.tnt.dao.search,ActivitySearch,class,repository,712,437,58,53,5,2,3,False,False,,Override|Override|Override|Override
TNTConcept,TNTConcept/tntconcept-core,main,systems/TNTConcept/TNTConcept/tntconcept-core/src/main/java,systems/TNTConcept/TNTConcept/tntconcept-core/src/main/java/com/autentia/tnt/dao/search/AdminHolidaySearch.java,com.autentia.tnt.dao.search,AdminHolidaySearch,class,repository,824,533,70,65,5,2,3,False,False,,Override|Override|Override|Override
TNTConcept,TNTConcept/tntconcept-core,main,systems/TNTConcept/TNTConcept/tntconcept-core/src/main/java,systems/TNTConcept/TNTConcept/tntconcept-core/src/main/java/com/autentia/tnt/dao/search/AdvancedSearchContactSearch.java,com.autentia.tnt.dao.search,AdvancedSearchContactSearch,class,repository,460,337,33,33,8,6,2,False,False,,Override|Override|Override|Override
TNTConcept,TNTConcept/tntconcept-core,main,systems/TNTConcept/TNTConcept/tntconcept-core/src/main/java,systems/TNTConcept/TNTConcept/tntconcept-core/src/main/java/com/autentia/tnt/dao/search/BillBreakDownSearch.java,com.autentia.tnt.dao.search,BillBreakDownSearch,class,repository,614,405,54,49,5,2,3,False,False,,Override|Override|Override|Override
TNTConcept,TNTConcept/tntconcept-core,main,systems/TNTConcept/TNTConcept/tntconcept-core/src/main/java,systems/TNTConcept/TNTConcept/tntconcept-core/src/main/java/com/autentia/tnt/dao/search/BillCategorySearch.java,com.autentia.tnt.dao.search,BillCategorySearch,class,repository,74,56,8,8,2,1,1,False,False,,Override|Override|Override|Override
TNTConcept,TNTConcept/tntconcept-core,main,systems/TNTConcept/TNTConcept/tntconcept-core/src/main/java,systems/TNTConcept/TNTConcept/tntconcept-core/src/main/java/com/autentia/tnt/dao/search/BillSearch.java,com.autentia.tnt.dao.search,BillSearch,class,repository,1748,1294,166,161,7,3,4,False,False,,Override|Override|Override|Override
TNTConcept,TNTConcept/tntconcept-core,main,systems/TNTConcept/TNTConcept/tntconcept-core/src/main/java,systems/TNTConcept/TNTConcept/tntconcept-core/src/main/java/com/autentia/tnt/dao/search/BookSearch.java,com.autentia.tnt.dao.search,BookSearch,class,repository,824,501,66,61,5,2,3,False,False,,Override|Override|Override|Override
TNTConcept,TNTConcept/tntconcept-core,main,systems/TNTConcept/TNTConcept/tntconcept-core/src/main/java,systems/TNTConcept/TNTConcept/tntconcept-core/src/main/java/com/autentia/tnt/dao/search/BulletinBoardCategorySearch.java,com.autentia.tnt.dao.search,BulletinBoardCategorySearch,class,repository,544,341,46,41,5,2,3,False,False,,Override|Override|Override|Override
TNTConcept,TNTConcept/tntconcept-core,main,systems/TNTConcept/TNTConcept/tntconcept-core/src/main/java,systems/TNTConcept/TNTConcept/tntconcept-core/src/main/java/com/autentia/tnt/dao/search/BulletinBoardSearch.java,com.autentia.tnt.dao.search,BulletinBoardSearch,class,repository,707,469,62,57,5,2,3,False,False,,Override|Override|Override|Override
TNTConcept,TNTConcept/tntconcept-core,main,systems/TNTConcept/TNTConcept/tntconcept-core/src/main/java,systems/TNTConcept/TNTConcept/tntconcept-core/src/main/java/com/autentia/tnt/dao/search/CollaboratorSearch.java,com.autentia.tnt.dao.search,CollaboratorSearch,class,repository,573,341,46,41,5,2,3,False,False,,Override|Override|Override|Override
TNTConcept,TNTConcept/tntconcept-core,main,systems/TNTConcept/TNTConcept/tntconcept-core/src/main/java,systems/TNTConcept/TNTConcept/tntconcept-core/src/main/java/com/autentia/tnt/dao/search/CommissioningFileSearch.java,com.autentia.tnt.dao.search,CommissioningFileSearch,class,repository,456,284,37,37,7,5,2,False,False,,Override|Override|Override|Override
TNTConcept,TNTConcept/tntconcept-core,main,systems/TNTConcept/TNTConcept/tntconcept-core/src/main/java,systems/TNTConcept/TNTConcept/tntconcept-core/src/main/java/com/autentia/tnt/dao/search/CommissioningPaymentDataSearch.java,com.autentia.tnt.dao.search,CommissioningPaymentDataSearch,class,repository,516,317,41,41,6,4,2,False,False,,Override|Override|Override|Override
TNTConcept,TNTConcept/tntconcept-core,main,systems/TNTConcept/TNTConcept/tntconcept-core/src/main/java,systems/TNTConcept/TNTConcept/tntconcept-core/src/main/java/com/autentia/tnt/dao/search/CommissioningSearch.java,com.autentia.tnt.dao.search,CommissioningSearch,class,repository,1372,1063,134,129,11,7,4,False,False,,Override|Override|Override|Override
TNTConcept,TNTConcept/tntconcept-core,main,systems/TNTConcept/TNTConcept/tntconcept-core/src/main/java,systems/TNTConcept/TNTConcept/tntconcept-core/src/main/java/com/autentia/tnt/dao/search/CompanyStateSearch.java,com.autentia.tnt.dao.search,CompanyStateSearch,class,repository,544,341,46,41,5,2,3,False,False,,Override|Override|Override|Override
TNTConcept,TNTConcept/tntconcept-core,main,systems/TNTConcept/TNTConcept/tntconcept-core/src/main/java,systems/TNTConcept/TNTConcept/tntconcept-core/src/main/java/com/autentia/tnt/dao/search/ContactSearch.java,com.autentia.tnt.dao.search,ContactSearch,class,repository,673,488,66,61,4,3,1,False,False,,Override|Override|Override|Override
TNTConcept,TNTConcept/tntconcept-core,main,systems/TNTConcept/TNTConcept/tntconcept-core/src/main/java,systems/TNTConcept/TNTConcept/tntconcept-core/src/main/java/com/autentia/tnt/dao/search/ContractTypeSearch.java,com.autentia.tnt.dao.search,ContractTypeSearch,class,repository,516,309,42,37,5,2,3,False,False,,Override|Override|Override|Override
TNTConcept,TNTConcept/tntconcept-core,main,systems/TNTConcept/TNTConcept/tntconcept-core/src/main/java,systems/TNTConcept/TNTConcept/tntconcept-core/src/main/java/com/autentia/tnt/dao/search/CreditTitleSearch.java,com.autentia.tnt.dao.search,CreditTitleSearch,class,repository,1022,658,86,81,10,6,4,False,False,,Override|Override|Override|Override
TNTConcept,TNTConcept/tntconcept-core,main,systems/TNTConcept/TNTConcept/tntconcept-core/src/main/java,systems/TNTConcept/TNTConcept/tntconcept-core/src/main/java/com/autentia/tnt/dao/search/DepartmentSearch.java,com.autentia.tnt.dao.search,DepartmentSearch,class,repository,659,401,54,49,8,4,4,False,False,,Override|Override|Override|Override|Override
TNTConcept,TNTConcept/tntconcept-core,main,systems/TNTConcept/TNTConcept/tntconcept-core/src/main/java,systems/TNTConcept/TNTConcept/tntconcept-core/src/main/java/com/autentia/tnt/dao/search/DocumentCategorySearch.java,com.autentia.tnt.dao.search,DocumentCategorySearch,class,repository,697,472,62,57,5,2,3,False,False,,Override|Override|Override|Override
TNTConcept,TNTConcept/tntconcept-core,main,systems/TNTConcept/TNTConcept/tntconcept-core/src/main/java,systems/TNTConcept/TNTConcept/tntconcept-core/src/main/java/com/autentia/tnt/dao/search/DocumentSearch.java,com.autentia.tnt.dao.search,DocumentSearch,class,repository,678,456,58,53,5,2,3,False,False,,Override|Override|Override|Override
TNTConcept,TNTConcept/tntconcept-core,main,systems/TNTConcept/TNTConcept/tntconcept-core/src/main/java,systems/TNTConcept/TNTConcept/tntconcept-core/src/main/java/com/autentia/tnt/dao/search/DocumentVersionSearch.java,com.autentia.tnt.dao.search,DocumentVersionSearch,class,repository,592,405,54,49,5,2,3,False,False,,Override|Override|Override|Override
TNTConcept,TNTConcept/tntconcept-core,main,systems/TNTConcept/TNTConcept/tntconcept-core/src/main/java,systems/TNTConcept/TNTConcept/tntconcept-core/src/main/java/com/autentia/tnt/dao/search/ExternalActivitySearch.java,com.autentia.tnt.dao.search,ExternalActivitySearch,class,repository,704,541,68,68,5,3,2,False,False,,Override|Override|Override|Override
TNTConcept,TNTConcept/tntconcept-core,main,systems/TNTConcept/TNTConcept/tntconcept-core/src/main/java,systems/TNTConcept/TNTConcept/tntconcept-core/src/main/java/com/autentia/tnt/dao/search/FinancialRatioSearch.java,com.autentia.tnt.dao.search,FinancialRatioSearch,class,repository,3191,1869,237,232,4,1,3,False,False,,Override|Override|Override|Override
TNTConcept,TNTConcept/tntconcept-core,main,systems/TNTConcept/TNTConcept/tntconcept-core/src/main/java,systems/TNTConcept/TNTConcept/tntconcept-core/src/main/java/com/autentia/tnt/dao/search/FrequencySearch.java,com.autentia.tnt.dao.search,FrequencySearch,class,repository,414,277,38,33,5,2,3,False,False,,Override|Override|Override|Override
TNTConcept,TNTConcept/tntconcept-core,main,systems/TNTConcept/TNTConcept/tntconcept-core/src/main/java,systems/TNTConcept/TNTConcept/tntconcept-core/src/main/java/com/autentia/tnt/dao/search/HolidaySearch.java,com.autentia.tnt.dao.search,HolidaySearch,class,repository,476,363,48,43,4,1,3,False,False,,Override|Override|Override|Override|Override|Override
TNTConcept,TNTConcept/tntconcept-core,main,systems/TNTConcept/TNTConcept/tntconcept-core/src/main/java,systems/TNTConcept/TNTConcept/tntconcept-core/src/main/java/com/autentia/tnt/dao/search/IdeaSearch.java,com.autentia.tnt.dao.search,IdeaSearch,class,repository,712,437,58,53,5,2,3,False,False,,Override|Override|Override|Override
TNTConcept,TNTConcept/tntconcept-core,main,systems/TNTConcept/TNTConcept/tntconcept-core/src/main/java,systems/TNTConcept/TNTConcept/tntconcept-core/src/main/java/com/autentia/tnt/dao/search/InteractionSearch.java,com.autentia.tnt.dao.search,InteractionSearch,class,repository,834,533,70,65,5,2,3,False,False,,Override|Override|Override|Override
TNTConcept,TNTConcept/tntconcept-core,main,systems/TNTConcept/TNTConcept/tntconcept-core/src/main/java,systems/TNTConcept/TNTConcept/tntconcept-core/src/main/java/com/autentia/tnt/dao/search/InteractionTypeSearch.java,com.autentia.tnt.dao.search,InteractionTypeSearch,class,repository,516,309,42,37,5,2,3,False,False,,Override|Override|Override|Override
TNTConcept,TNTConcept/tntconcept-core,main,systems/TNTConcept/TNTConcept/tntconcept-core/src/main/java,systems/TNTConcept/TNTConcept/tntconcept-core/src/main/java/com/autentia/tnt/dao/search/InventarySearch.java,com.autentia.tnt.dao.search,InventarySearch,class,repository,1300,789,102,97,5,2,3,False,False,,Override|Override|Override|Override
TNTConcept,TNTConcept/tntconcept-core,main,systems/TNTConcept/TNTConcept/tntconcept-core/src/main/java,systems/TNTConcept/TNTConcept/tntconcept-core/src/main/java/com/autentia/tnt/dao/search/LinkSearch.java,com.autentia.tnt.dao.search,LinkSearch,class,repository,326,251,33,33,4,2,2,False,False,,
TNTConcept,TNTConcept/tntconcept-core,main,systems/TNTConcept/TNTConcept/tntconcept-core/src/main/java,systems/TNTConcept/TNTConcept/tntconcept-core/src/main/java/com/autentia/tnt/dao/search/MagazineSearch.java,com.autentia.tnt.dao.search,MagazineSearch,class,repository,516,309,42,37,5,2,3,False,False,,Override|Override|Override|Override
TNTConcept,TNTConcept/tntconcept-core,main,systems/TNTConcept/TNTConcept/tntconcept-core/src/main/java,systems/TNTConcept/TNTConcept/tntconcept-core/src/main/java/com/autentia/tnt/dao/search/ObjectiveSearch.java,com.autentia.tnt.dao.search,ObjectiveSearch,class,repository,734,501,66,61,5,2,3,False,False,,Override|Override|Override|Override
TNTConcept,TNTConcept/tntconcept-core,main,systems/TNTConcept/TNTConcept/tntconcept-core/src/main/java,systems/TNTConcept/TNTConcept/tntconcept-core/src/main/java/com/autentia/tnt/dao/search/OccupationSearch.java,com.autentia.tnt.dao.search,OccupationSearch,class,repository,852,586,76,71,5,3,2,False,False,,Override|Override|Override|Override
TNTConcept,TNTConcept/tntconcept-core,main,systems/TNTConcept/TNTConcept/tntconcept-core/src/main/java,systems/TNTConcept/TNTConcept/tntconcept-core/src/main/java/com/autentia/tnt/dao/search/OfferCostSearch.java,com.autentia.tnt.dao.search,OfferCostSearch,class,repository,612,400,54,49,5,2,3,False,False,,Override|Override|Override|Override
TNTConcept,TNTConcept/tntconcept-core,main,systems/TNTConcept/TNTConcept/tntconcept-core/src/main/java,systems/TNTConcept/TNTConcept/tntconcept-core/src/main/java/com/autentia/tnt/dao/search/OfferRejectReasonSearch.java,com.autentia.tnt.dao.search,OfferRejectReasonSearch,class,repository,501,307,42,37,3,1,2,False,False,,Override|Override|Override|Override
TNTConcept,TNTConcept/tntconcept-core,main,systems/TNTConcept/TNTConcept/tntconcept-core/src/main/java,systems/TNTConcept/TNTConcept/tntconcept-core/src/main/java/com/autentia/tnt/dao/search/OfferRoleSearch.java,com.autentia.tnt.dao.search,OfferRoleSearch,class,repository,613,400,54,49,5,2,3,False,False,,Override|Override|Override|Override
TNTConcept,TNTConcept/tntconcept-core,main,systems/TNTConcept/TNTConcept/tntconcept-core/src/main/java,systems/TNTConcept/TNTConcept/tntconcept-core/src/main/java/com/autentia/tnt/dao/search/OfferSearch.java,com.autentia.tnt.dao.search,OfferSearch,class,repository,1318,991,130,125,7,3,4,False,False,,Override|Override|Override|Override
TNTConcept,TNTConcept/tntconcept-core,main,systems/TNTConcept/TNTConcept/tntconcept-core/src/main/java,systems/TNTConcept/TNTConcept/tntconcept-core/src/main/java/com/autentia/tnt/dao/search/OrganizationISOCategorySearch.java,com.autentia.tnt.dao.search,OrganizationISOCategorySearch,class,repository,516,309,42,37,5,2,3,False,False,,Override|Override|Override|Override
TNTConcept,TNTConcept/tntconcept-core,main,systems/TNTConcept/TNTConcept/tntconcept-core/src/main/java,systems/TNTConcept/TNTConcept/tntconcept-core/src/main/java/com/autentia/tnt/dao/search/OrganizationSearch.java,com.autentia.tnt.dao.search,OrganizationSearch,class,repository,1439,846,110,105,3,2,1,False,False,,Override|Override|Override|Override
TNTConcept,TNTConcept/tntconcept-core,main,systems/TNTConcept/TNTConcept/tntconcept-core/src/main/java,systems/TNTConcept/TNTConcept/tntconcept-core/src/main/java/com/autentia/tnt/dao/search/OrganizationTypeSearch.java,com.autentia.tnt.dao.search,OrganizationTypeSearch,class,repository,516,309,42,37,5,2,3,False,False,,Override|Override|Override|Override
TNTConcept,TNTConcept/tntconcept-core,main,systems/TNTConcept/TNTConcept/tntconcept-core/src/main/java,systems/TNTConcept/TNTConcept/tntconcept-core/src/main/java/com/autentia/tnt/dao/search/PeriodicalAccountEntrySearch.java,com.autentia.tnt.dao.search,PeriodicalAccountEntrySearch,class,repository,897,629,82,77,5,2,3,False,False,,Override|Override|Override|Override
TNTConcept,TNTConcept/tntconcept-core,main,systems/TNTConcept/TNTConcept/tntconcept-core/src/main/java,systems/TNTConcept/TNTConcept/tntconcept-core/src/main/java/com/autentia/tnt/dao/search/PositionSearch.java,com.autentia.tnt.dao.search,PositionSearch,class,repository,537,397,54,49,4,1,3,False,False,,Override|Override|Override|Override
TNTConcept,TNTConcept/tntconcept-core,main,systems/TNTConcept/TNTConcept/tntconcept-core/src/main/java,systems/TNTConcept/TNTConcept/tntconcept-core/src/main/java/com/autentia/tnt/dao/search/ProjectCostSearch.java,com.autentia.tnt.dao.search,ProjectCostSearch,class,repository,565,373,50,45,5,2,3,False,False,,Override|Override|Override|Override
TNTConcept,TNTConcept/tntconcept-core,main,systems/TNTConcept/TNTConcept/tntconcept-core/src/main/java,systems/TNTConcept/TNTConcept/tntconcept-core/src/main/java/com/autentia/tnt/dao/search/ProjectRoleSearch.java,com.autentia.tnt.dao.search,ProjectRoleSearch,class,repository,578,373,50,45,5,2,3,False,False,,Override|Override|Override|Override
TNTConcept,TNTConcept/tntconcept-core,main,systems/TNTConcept/TNTConcept/tntconcept-core/src/main/java,systems/TNTConcept/TNTConcept/tntconcept-core/src/main/java/com/autentia/tnt/dao/search/ProjectSearch.java,com.autentia.tnt.dao.search,ProjectSearch,class,repository,977,723,90,85,5,2,3,False,False,,Override|Override|Override|Override
TNTConcept,TNTConcept/tntconcept-core,main,systems/TNTConcept/TNTConcept/tntconcept-core/src/main/java,systems/TNTConcept/TNTConcept/tntconcept-core/src/main/java/com/autentia/tnt/dao/search/ProvinceSearch.java,com.autentia.tnt.dao.search,ProvinceSearch,class,repository,414,277,38,33,5,2,3,False,False,,Override|Override|Override|Override
TNTConcept,TNTConcept/tntconcept-core,main,systems/TNTConcept/TNTConcept/tntconcept-core/src/main/java,systems/TNTConcept/TNTConcept/tntconcept-core/src/main/java/com/autentia/tnt/dao/search/PublicationSearch.java,com.autentia.tnt.dao.search,PublicationSearch,class,repository,824,533,70,65,5,2,3,False,False,,Override|Override|Override|Override
TNTConcept,TNTConcept/tntconcept-core,main,systems/TNTConcept/TNTConcept/tntconcept-core/src/main/java,systems/TNTConcept/TNTConcept/tntconcept-core/src/main/java/com/autentia/tnt/dao/search/RequestHolidaySearch.java,com.autentia.tnt.dao.search,RequestHolidaySearch,class,repository,824,533,70,65,5,2,3,False,False,,Override|Override|Override|Override
TNTConcept,TNTConcept/tntconcept-core,main,systems/TNTConcept/TNTConcept/tntconcept-core/src/main/java,systems/TNTConcept/TNTConcept/tntconcept-core/src/main/java/com/autentia/tnt/dao/search/RoleSearch.java,com.autentia.tnt.dao.search,RoleSearch,class,repository,414,277,38,33,5,2,3,False,False,,Override|Override|Override|Override
TNTConcept,TNTConcept/tntconcept-core,main,systems/TNTConcept/TNTConcept/tntconcept-core/src/main/java,systems/TNTConcept/TNTConcept/tntconcept-core/src/main/java/com/autentia/tnt/dao/search/SettingSearch.java,com.autentia.tnt.dao.search,SettingSearch,class,repository,456,337,46,41,5,2,3,False,False,,Override|Override|Override|Override
TNTConcept,TNTConcept/tntconcept-core,main,systems/TNTConcept/TNTConcept/tntconcept-core/src/main/java,systems/TNTConcept/TNTConcept/tntconcept-core/src/main/java/com/autentia/tnt/dao/search/TagSearch.java,com.autentia.tnt.dao.search,TagSearch,class,repository,592,443,58,53,5,2,3,False,False,,Override|Override|Override|Override
TNTConcept,TNTConcept/tntconcept-core,main,systems/TNTConcept/TNTConcept/tntconcept-core/src/main/java,systems/TNTConcept/TNTConcept/tntconcept-core/src/main/java/com/autentia/tnt/dao/search/TutorialSearch.java,com.autentia.tnt.dao.search,TutorialSearch,class,repository,684,437,58,53,5,2,3,False,False,,Override|Override|Override|Override
TNTConcept,TNTConcept/tntconcept-core,main,systems/TNTConcept/TNTConcept/tntconcept-core/src/main/java,systems/TNTConcept/TNTConcept/tntconcept-core/src/main/java/com/autentia/tnt/dao/search/UserCategorySearch.java,com.autentia.tnt.dao.search,UserCategorySearch,class,repository,460,277,38,33,5,2,3,False,False,,Override|Override|Override|Override
TNTConcept,TNTConcept/tntconcept-core,main,systems/TNTConcept/TNTConcept/tntconcept-core/src/main/java,systems/TNTConcept/TNTConcept/tntconcept-core/src/main/java/com/autentia/tnt/dao/search/UserSearch.java,com.autentia.tnt.dao.search,UserSearch,class,repository,2808,1680,214,209,5,2,3,False,False,,Override|Override|Override|Override
TNTConcept,TNTConcept/tntconcept-core,main,systems/TNTConcept/TNTConcept/tntconcept-core/src/main/java,systems/TNTConcept/TNTConcept/tntconcept-core/src/main/java/com/autentia/tnt/dao/search/WorkingAgreementSearch.java,com.autentia.tnt.dao.search,WorkingAgreementSearch,class,repository,645,417,58,53,3,1,2,False,False,,Override|Override|Override|Override
TNTConcept,TNTConcept/tntconcept-core,main,systems/TNTConcept/TNTConcept/tntconcept-core/src/main/java,systems/TNTConcept/TNTConcept/tntconcept-core/src/main/java/com/autentia/tnt/dao/SearchCriteria.java,com.autentia.tnt.dao,SearchCriteria,class,repository,79,22,1,0,2,0,2,False,False,,
TNTConcept,TNTConcept/tntconcept-core,main,systems/TNTConcept/TNTConcept/tntconcept-core/src/main/java,systems/TNTConcept/TNTConcept/tntconcept-core/src/main/java/com/autentia/tnt/dao/SortCriteria.java,com.autentia.tnt.dao,SortCriteria,class,repository,123,45,12,12,1,0,1,False,False,,
TNTConcept,TNTConcept/tntconcept-core,main,systems/TNTConcept/TNTConcept/tntconcept-core/src/main/java,systems/TNTConcept/TNTConcept/tntconcept-core/src/main/java/com/autentia/tnt/dto/IVAData.java,com.autentia.tnt.dto,IVAData,class,other,113,87,24,24,1,0,1,False,False,,
TNTConcept,TNTConcept/tntconcept-core,main,systems/TNTConcept/TNTConcept/tntconcept-core/src/main/java,systems/TNTConcept/TNTConcept/tntconcept-core/src/main/java/com/autentia/tnt/mail/DefaultMailService.java,com.autentia.tnt.mail,DefaultMailService,class,other,295,211,15,9,24,1,23,False,False,,Override
TNTConcept,TNTConcept/tntconcept-core,main,systems/TNTConcept/TNTConcept/tntconcept-core/src/main/java,systems/TNTConcept/TNTConcept/tntconcept-core/src/main/java/com/autentia/tnt/mail/MailService.java,com.autentia.tnt.mail,MailService,interface,other,47,13,0,0,6,0,6,False,False,,
TNTConcept,TNTConcept/tntconcept-core,main,systems/TNTConcept/TNTConcept/tntconcept-core/src/main/java,systems/TNTConcept/TNTConcept/tntconcept-core/src/main/java/com/autentia/tnt/manager/account/AccountEntryGroupManager.java,com.autentia.tnt.manager.account,AccountEntryGroupManager,class,other,108,40,10,8,8,5,3,False,False,,
TNTConcept,TNTConcept/tntconcept-core,main,systems/TNTConcept/TNTConcept/tntconcept-core/src/main/java,systems/TNTConcept/TNTConcept/tntconcept-core/src/main/java/com/autentia/tnt/manager/account/AccountEntryManager.java,com.autentia.tnt.manager.account,AccountEntryManager,class,other,118,46,11,9,9,6,3,False,False,,
TNTConcept,TNTConcept/tntconcept-core,main,systems/TNTConcept/TNTConcept/tntconcept-core/src/main/java,systems/TNTConcept/TNTConcept/tntconcept-core/src/main/java/com/autentia/tnt/manager/account/AccountEntryTypeManager.java,com.autentia.tnt.manager.account,AccountEntryTypeManager,class,other,113,41,10,8,10,7,3,False,False,,
TNTConcept,TNTConcept/tntconcept-core,main,systems/TNTConcept/TNTConcept/tntconcept-core/src/main/java,systems/TNTConcept/TNTConcept/tntconcept-core/src/main/java/com/autentia/tnt/manager/account/AccountManager.java,com.autentia.tnt.manager.account,AccountManager,class,other,117,41,10,8,10,7,3,False,False,,
TNTConcept,TNTConcept/tntconcept-core,main,systems/TNTConcept/TNTConcept/tntconcept-core/src/main/java,systems/TNTConcept/TNTConcept/tntconcept-core/src/main/java/com/autentia/tnt/manager/account/AccountTypeManager.java,com.autentia.tnt.manager.account,AccountTypeManager,class,other,108,40,10,8,8,5,3,False,False,,
TNTConcept,TNTConcept/tntconcept-core,main,systems/TNTConcept/TNTConcept/tntconcept-core/src/main/java,systems/TNTConcept/TNTConcept/tntconcept-core/src/main/java/com/autentia/tnt/manager/account/PeriodicalAccountEntryManager.java,com.autentia.tnt.manager.account,PeriodicalAccountEntryManager,class,other,211,92,13,10,14,8,6,False,False,,
TNTConcept,TNTConcept/tntconcept-core,main,systems/TNTConcept/TNTConcept/tntconcept-core/src/main/java,systems/TNTConcept/TNTConcept/tntconcept-core/src/main/java/com/autentia/tnt/manager/activity/ActivityFileManager.java,com.autentia.tnt.manager.activity,ActivityFileManager,class,other,108,39,10,8,8,5,3,False,False,,
TNTConcept,TNTConcept/tntconcept-core,main,systems/TNTConcept/TNTConcept/tntconcept-core/src/main/java,systems/TNTConcept/TNTConcept/tntconcept-core/src/main/java/com/autentia/tnt/manager/activity/ActivityManager.java,com.autentia.tnt.manager.activity,ActivityManager,class,other,123,46,11,9,9,6,3,False,False,,
TNTConcept,TNTConcept/tntconcept-core,main,systems/TNTConcept/TNTConcept/tntconcept-core/src/main/java,systems/TNTConcept/TNTConcept/tntconcept-core/src/main/java/com/autentia/tnt/manager/activity/ExternalActivityManager.java,com.autentia.tnt.manager.activity,ExternalActivityManager,class,other,102,36,10,10,8,5,3,False,False,,
TNTConcept,TNTConcept/tntconcept-core,main,systems/TNTConcept/TNTConcept/tntconcept-core/src/main/java,systems/TNTConcept/TNTConcept/tntconcept-core/src/main/java/com/autentia/tnt/manager/activity/GlobalHourReportManager.java,com.autentia.tnt.manager.activity,GlobalHourReportManager,class,other,54,19,3,1,8,5,3,False,False,,
TNTConcept,TNTConcept/tntconcept-core,main,systems/TNTConcept/TNTConcept/tntconcept-core/src/main/java,systems/TNTConcept/TNTConcept/tntconcept-core/src/main/java/com/autentia/tnt/manager/activity/ObjectiveManager.java,com.autentia.tnt.manager.activity,ObjectiveManager,class,other,114,43,10,8,12,9,3,False,False,,
TNTConcept,TNTConcept/tntconcept-core,main,systems/TNTConcept/TNTConcept/tntconcept-core/src/main/java,systems/TNTConcept/TNTConcept/tntconcept-core/src/main/java/com/autentia/tnt/manager/activity/OccupationManager.java,com.autentia.tnt.manager.activity,OccupationManager,class,other,111,39,10,8,8,5,3,False,False,,
TNTConcept,TNTConcept/tntconcept-core,main,systems/TNTConcept/TNTConcept/tntconcept-core/src/main/java,systems/TNTConcept/TNTConcept/tntconcept-core/src/main/java/com/autentia/tnt/manager/admin/ContractTypeManager.java,com.autentia.tnt.manager.admin,ContractTypeManager,class,other,114,39,10,8,8,5,3,False,False,,
TNTConcept,TNTConcept/tntconcept-core,main,systems/TNTConcept/TNTConcept/tntconcept-core/src/main/java,systems/TNTConcept/TNTConcept/tntconcept-core/src/main/java/com/autentia/tnt/manager/admin/CountryManager.java,com.autentia.tnt.manager.admin,CountryManager,class,other,84,38,10,8,7,4,3,False,False,,
TNTConcept,TNTConcept/tntconcept-core,main,systems/TNTConcept/TNTConcept/tntconcept-core/src/main/java,systems/TNTConcept/TNTConcept/tntconcept-core/src/main/java/com/autentia/tnt/manager/admin/DepartmentManager.java,com.autentia.tnt.manager.admin,DepartmentManager,class,other,158,73,13,10,13,10,3,False,False,,
TNTConcept,TNTConcept/tntconcept-core,main,systems/TNTConcept/TNTConcept/tntconcept-core/src/main/java,systems/TNTConcept/TNTConcept/tntconcept-core/src/main/java/com/autentia/tnt/manager/admin/FrequencyManager.java,com.autentia.tnt.manager.admin,FrequencyManager,class,other,108,40,10,8,8,5,3,False,False,,
TNTConcept,TNTConcept/tntconcept-core,main,systems/TNTConcept/TNTConcept/tntconcept-core/src/main/java,systems/TNTConcept/TNTConcept/tntconcept-core/src/main/java/com/autentia/tnt/manager/admin/IdeaManager.java,com.autentia.tnt.manager.admin,IdeaManager,class,other,118,41,10,8,10,7,3,False,False,,
TNTConcept,TNTConcept/tntconcept-core,main,systems/TNTConcept/TNTConcept/tntconcept-core/src/main/java,systems/TNTConcept/TNTConcept/tntconcept-core/src/main/java/com/autentia/tnt/manager/admin/InventaryManager.java,com.autentia.tnt.manager.admin,InventaryManager,class,other,116,41,10,8,10,7,3,False,False,,
TNTConcept,TNTConcept/tntconcept-core,main,systems/TNTConcept/TNTConcept/tntconcept-core/src/main/java,systems/TNTConcept/TNTConcept/tntconcept-core/src/main/java/com/autentia/tnt/manager/admin/LinkManager.java,com.autentia.tnt.manager.admin,LinkManager,class,other,110,41,11,9,8,5,3,False,False,,
TNTConcept,TNTConcept/tntconcept-core,main,systems/TNTConcept/TNTConcept/tntconcept-core/src/main/java,systems/TNTConcept/TNTConcept/tntconcept-core/src/main/java/com/autentia/tnt/manager/admin/ProjectCostManager.java,com.autentia.tnt.manager.admin,ProjectCostManager,class,other,108,40,10,8,8,5,3,False,False,,
TNTConcept,TNTConcept/tntconcept-core,main,systems/TNTConcept/TNTConcept/tntconcept-core/src/main/java,systems/TNTConcept/TNTConcept/tntconcept-core/src/main/java/com/autentia/tnt/manager/admin/ProjectManager.java,com.autentia.tnt.manager.admin,ProjectManager,class,other,154,72,14,12,25,18,7,False,False,,
TNTConcept,TNTConcept/tntconcept-core,main,systems/TNTConcept/TNTConcept/tntconcept-core/src/main/java,systems/TNTConcept/TNTConcept/tntconcept-core/src/main/java/com/autentia/tnt/manager/admin/ProjectRoleManager.java,com.autentia.tnt.manager.admin,ProjectRoleManager,class,other,108,40,10,8,8,5,3,False,False,,
TNTConcept,TNTConcept/tntconcept-core,main,systems/TNTConcept/TNTConcept/tntconcept-core/src/main/java,systems/TNTConcept/TNTConcept/tntconcept-core/src/main/java/com/autentia/tnt/manager/admin/ProvinceManager.java,com.autentia.tnt.manager.admin,ProvinceManager,class,other,108,40,10,8,8,5,3,False,False,,
TNTConcept,TNTConcept/tntconcept-core,main,systems/TNTConcept/TNTConcept/tntconcept-core/src/main/java,systems/TNTConcept/TNTConcept/tntconcept-core/src/main/java/com/autentia/tnt/manager/admin/RoleManager.java,com.autentia.tnt.manager.admin,RoleManager,class,other,108,40,10,8,8,5,3,False,False,,
TNTConcept,TNTConcept/tntconcept-core,main,systems/TNTConcept/TNTConcept/tntconcept-core/src/main/java,systems/TNTConcept/TNTConcept/tntconcept-core/src/main/java/com/autentia/tnt/manager/admin/SettingManager.java,com.autentia.tnt.manager.admin,SettingManager,class,other,267,93,20,18,10,7,3,False,False,,
TNTConcept,TNTConcept/tntconcept-core,main,systems/TNTConcept/TNTConcept/tntconcept-core/src/main/java,systems/TNTConcept/TNTConcept/tntconcept-core/src/main/java/com/autentia/tnt/manager/admin/UserCategoryManager.java,com.autentia.tnt.manager.admin,UserCategoryManager,class,other,113,39,10,8,8,5,3,False,False,,
TNTConcept,TNTConcept/tntconcept-core,main,systems/TNTConcept/TNTConcept/tntconcept-core/src/main/java,systems/TNTConcept/TNTConcept/tntconcept-core/src/main/java/com/autentia/tnt/manager/admin/UserManager.java,com.autentia.tnt.manager.admin,UserManager,class,other,172,88,14,9,13,10,3,False,False,,
TNTConcept,TNTConcept/tntconcept-core,main,systems/TNTConcept/TNTConcept/tntconcept-core/src/main/java,systems/TNTConcept/TNTConcept/tntconcept-core/src/main/java/com/autentia/tnt/manager/admin/WorkingAgreementManager.java,com.autentia.tnt.manager.admin,WorkingAgreementManager,class,other,110,39,10,8,8,5,3,False,False,,
TNTConcept,TNTConcept/tntconcept-core,main,systems/TNTConcept/TNTConcept/tntconcept-core/src/main/java,systems/TNTConcept/TNTConcept/tntconcept-core/src/main/java/com/autentia/tnt/manager/billing/BillBreakDownManager.java,com.autentia.tnt.manager.billing,BillBreakDownManager,class,other,110,40,10,8,8,5,3,False,False,,
TNTConcept,TNTConcept/tntconcept-core,main,systems/TNTConcept/TNTConcept/tntconcept-core/src/main/java,systems/TNTConcept/TNTConcept/tntconcept-core/src/main/java/com/autentia/tnt/manager/billing/BillCategoryManager.java,com.autentia.tnt.manager.billing,BillCategoryManager,class,other,84,38,10,8,7,4,3,False,False,,
TNTConcept,TNTConcept/tntconcept-core,main,systems/TNTConcept/TNTConcept/tntconcept-core/src/main/java,systems/TNTConcept/TNTConcept/tntconcept-core/src/main/java/com/autentia/tnt/manager/billing/BillManager.java,com.autentia.tnt.manager.billing,BillManager,class,other,363,236,19,15,41,29,12,False,False,,
TNTConcept,TNTConcept/tntconcept-core,main,systems/TNTConcept/TNTConcept/tntconcept-core/src/main/java,systems/TNTConcept/TNTConcept/tntconcept-core/src/main/java/com/autentia/tnt/manager/billing/BillRegimeManager.java,com.autentia.tnt.manager.billing,BillRegimeManager,class,other,84,38,10,8,7,4,3,False,False,,
TNTConcept,TNTConcept/tntconcept-core,main,systems/TNTConcept/TNTConcept/tntconcept-core/src/main/java,systems/TNTConcept/TNTConcept/tntconcept-core/src/main/java/com/autentia/tnt/manager/billing/CreditTitleManager.java,com.autentia.tnt.manager.billing,CreditTitleManager,class,other,174,81,13,9,17,11,6,False,False,,
TNTConcept,TNTConcept/tntconcept-core,main,systems/TNTConcept/TNTConcept/tntconcept-core/src/main/java,systems/TNTConcept/TNTConcept/tntconcept-core/src/main/java/com/autentia/tnt/manager/billing/FinancialRatioManager.java,com.autentia.tnt.manager.billing,FinancialRatioManager,class,other,110,39,10,8,8,5,3,False,False,,
TNTConcept,TNTConcept/tntconcept-core,main,systems/TNTConcept/TNTConcept/tntconcept-core/src/main/java,systems/TNTConcept/TNTConcept/tntconcept-core/src/main/java/com/autentia/tnt/manager/billing/IVAReasonManager.java,com.autentia.tnt.manager.billing,IVAReasonManager,class,other,83,38,10,8,7,4,3,False,False,,
TNTConcept,TNTConcept/tntconcept-core,main,systems/TNTConcept/TNTConcept/tntconcept-core/src/main/java,systems/TNTConcept/TNTConcept/tntconcept-core/src/main/java/com/autentia/tnt/manager/billing/IVATypeManager.java,com.autentia.tnt.manager.billing,IVATypeManager,class,other,84,38,10,8,7,4,3,False,False,,
TNTConcept,TNTConcept/tntconcept-core,main,systems/TNTConcept/TNTConcept/tntconcept-core/src/main/java,systems/TNTConcept/TNTConcept/tntconcept-core/src/main/java/com/autentia/tnt/manager/billing/RectifiedBillCategoryManager.java,com.autentia.tnt.manager.billing,RectifiedBillCategoryManager,class,other,83,38,10,8,7,4,3,False,False,,
TNTConcept,TNTConcept/tntconcept-core,main,systems/TNTConcept/TNTConcept/tntconcept-core/src/main/java,systems/TNTConcept/TNTConcept/tntconcept-core/src/main/java/com/autentia/tnt/manager/book/BookManager.java,com.autentia.tnt.manager.book,BookManager,class,other,113,41,10,8,10,7,3,False,False,,
TNTConcept,TNTConcept/tntconcept-core,main,systems/TNTConcept/TNTConcept/tntconcept-core/src/main/java,systems/TNTConcept/TNTConcept/tntconcept-core/src/main/java/com/autentia/tnt/manager/bulletin/BulletinBoardCategoryManager.java,com.autentia.tnt.manager.bulletin,BulletinBoardCategoryManager,class,other,122,42,11,9,8,5,3,False,False,,
TNTConcept,TNTConcept/tntconcept-core,main,systems/TNTConcept/TNTConcept/tntconcept-core/src/main/java,systems/TNTConcept/TNTConcept/tntconcept-core/src/main/java/com/autentia/tnt/manager/bulletin/BulletinBoardManager.java,com.autentia.tnt.manager.bulletin,BulletinBoardManager,class,other,135,51,12,10,12,9,3,False,False,,
TNTConcept,TNTConcept/tntconcept-core,main,systems/TNTConcept/TNTConcept/tntconcept-core/src/main/java,systems/TNTConcept/TNTConcept/tntconcept-core/src/main/java/com/autentia/tnt/manager/bulletin/CompanyStateManager.java,com.autentia.tnt.manager.bulletin,CompanyStateManager,class,other,116,41,10,8,10,7,3,False,False,,
TNTConcept,TNTConcept/tntconcept-core,main,systems/TNTConcept/TNTConcept/tntconcept-core/src/main/java,systems/TNTConcept/TNTConcept/tntconcept-core/src/main/java/com/autentia/tnt/manager/commissioning/CommissioningFileManager.java,com.autentia.tnt.manager.commissioning,CommissioningFileManager,class,other,105,39,10,8,8,5,3,False,False,,
TNTConcept,TNTConcept/tntconcept-core,main,systems/TNTConcept/TNTConcept/tntconcept-core/src/main/java,systems/TNTConcept/TNTConcept/tntconcept-core/src/main/java/com/autentia/tnt/manager/commissioning/CommissioningManager.java,com.autentia.tnt.manager.commissioning,CommissioningManager,class,other,501,341,19,9,23,13,10,False,False,,
TNTConcept,TNTConcept/tntconcept-core,main,systems/TNTConcept/TNTConcept/tntconcept-core/src/main/java,systems/TNTConcept/TNTConcept/tntconcept-core/src/main/java/com/autentia/tnt/manager/commissioning/CommissioningPaymentDataManager.java,com.autentia.tnt.manager.commissioning,CommissioningPaymentDataManager,class,other,105,39,10,8,8,5,3,False,False,,
TNTConcept,TNTConcept/tntconcept-core,main,systems/TNTConcept/TNTConcept/tntconcept-core/src/main/java,systems/TNTConcept/TNTConcept/tntconcept-core/src/main/java/com/autentia/tnt/manager/contacts/advancedsearch/ContactPosition.java,com.autentia.tnt.manager.contacts.advancedsearch,ContactPosition,class,other,139,94,26,26,0,0,0,False,False,,
TNTConcept,TNTConcept/tntconcept-core,main,systems/TNTConcept/TNTConcept/tntconcept-core/src/main/java,systems/TNTConcept/TNTConcept/tntconcept-core/src/main/java/com/autentia/tnt/manager/contacts/advancedsearch/ContactPositionManager.java,com.autentia.tnt.manager.contacts.advancedsearch,ContactPositionManager,class,other,239,186,8,5,7,5,2,False,False,,
TNTConcept,TNTConcept/tntconcept-core,main,systems/TNTConcept/TNTConcept/tntconcept-core/src/main/java,systems/TNTConcept/TNTConcept/tntconcept-core/src/main/java/com/autentia/tnt/manager/contacts/CollaboratorManager.java,com.autentia.tnt.manager.contacts,CollaboratorManager,class,other,111,39,10,8,8,5,3,False,False,,
TNTConcept,TNTConcept/tntconcept-core,main,systems/TNTConcept/TNTConcept/tntconcept-core/src/main/java,systems/TNTConcept/TNTConcept/tntconcept-core/src/main/java/com/autentia/tnt/manager/contacts/ContactManager.java,com.autentia.tnt.manager.contacts,ContactManager,class,other,180,92,13,11,21,17,4,False,False,,
TNTConcept,TNTConcept/tntconcept-core,main,systems/TNTConcept/TNTConcept/tntconcept-core/src/main/java,systems/TNTConcept/TNTConcept/tntconcept-core/src/main/java/com/autentia/tnt/manager/contacts/InteractionManager.java,com.autentia.tnt.manager.contacts,InteractionManager,class,other,120,45,10,8,14,11,3,False,False,,
TNTConcept,TNTConcept/tntconcept-core,main,systems/TNTConcept/TNTConcept/tntconcept-core/src/main/java,systems/TNTConcept/TNTConcept/tntconcept-core/src/main/java/com/autentia/tnt/manager/contacts/InteractionTypeManager.java,com.autentia.tnt.manager.contacts,InteractionTypeManager,class,other,112,39,10,8,8,5,3,False,False,,
TNTConcept,TNTConcept/tntconcept-core,main,systems/TNTConcept/TNTConcept/tntconcept-core/src/main/java,systems/TNTConcept/TNTConcept/tntconcept-core/src/main/java/com/autentia/tnt/manager/contacts/OfferCostManager.java,com.autentia.tnt.manager.contacts,OfferCostManager,class,other,107,39,10,8,8,5,3,False,False,,
TNTConcept,TNTConcept/tntconcept-core,main,systems/TNTConcept/TNTConcept/tntconcept-core/src/main/java,systems/TNTConcept/TNTConcept/tntconcept-core/src/main/java/com/autentia/tnt/manager/contacts/OfferManager.java,com.autentia.tnt.manager.contacts,OfferManager,class,other,162,81,11,9,14,8,6,False,False,,
TNTConcept,TNTConcept/tntconcept-core,main,systems/TNTConcept/TNTConcept/tntconcept-core/src/main/java,systems/TNTConcept/TNTConcept/tntconcept-core/src/main/java/com/autentia/tnt/manager/contacts/OfferRejectReasonManager.java,com.autentia.tnt.manager.contacts,OfferRejectReasonManager,class,other,113,39,10,8,8,5,3,False,False,,
TNTConcept,TNTConcept/tntconcept-core,main,systems/TNTConcept/TNTConcept/tntconcept-core/src/main/java,systems/TNTConcept/TNTConcept/tntconcept-core/src/main/java/com/autentia/tnt/manager/contacts/OfferRoleManager.java,com.autentia.tnt.manager.contacts,OfferRoleManager,class,other,107,39,10,8,8,5,3,False,False,,
TNTConcept,TNTConcept/tntconcept-core,main,systems/TNTConcept/TNTConcept/tntconcept-core/src/main/java,systems/TNTConcept/TNTConcept/tntconcept-core/src/main/java/com/autentia/tnt/manager/contacts/OrganizationDocCategoryManager.java,com.autentia.tnt.manager.contacts,OrganizationDocCategoryManager,class,other,80,34,10,8,7,4,3,False,False,,
TNTConcept,TNTConcept/tntconcept-core,main,systems/TNTConcept/TNTConcept/tntconcept-core/src/main/java,systems/TNTConcept/TNTConcept/tntconcept-core/src/main/java/com/autentia/tnt/manager/contacts/OrganizationISOCategoryManager.java,com.autentia.tnt.manager.contacts,OrganizationISOCategoryManager,class,other,111,39,10,8,8,5,3,False,False,,
TNTConcept,TNTConcept/tntconcept-core,main,systems/TNTConcept/TNTConcept/tntconcept-core/src/main/java,systems/TNTConcept/TNTConcept/tntconcept-core/src/main/java/com/autentia/tnt/manager/contacts/OrganizationManager.java,com.autentia.tnt.manager.contacts,OrganizationManager,class,other,163,83,14,11,16,12,4,False,False,,
TNTConcept,TNTConcept/tntconcept-core,main,systems/TNTConcept/TNTConcept/tntconcept-core/src/main/java,systems/TNTConcept/TNTConcept/tntconcept-core/src/main/java/com/autentia/tnt/manager/contacts/OrganizationTypeManager.java,com.autentia.tnt.manager.contacts,OrganizationTypeManager,class,other,112,39,10,8,8,5,3,False,False,,
TNTConcept,TNTConcept/tntconcept-core,main,systems/TNTConcept/TNTConcept/tntconcept-core/src/main/java,systems/TNTConcept/TNTConcept/tntconcept-core/src/main/java/com/autentia/tnt/manager/contacts/PositionManager.java,com.autentia.tnt.manager.contacts,PositionManager,class,other,267,150,18,12,18,12,6,False,False,,
TNTConcept,TNTConcept/tntconcept-core,main,systems/TNTConcept/TNTConcept/tntconcept-core/src/main/java,systems/TNTConcept/TNTConcept/tntconcept-core/src/main/java/com/autentia/tnt/manager/data/exception/DataException.java,com.autentia.tnt.manager.data.exception,DataException,class,exception,52,15,6,6,0,0,0,False,False,,
TNTConcept,TNTConcept/tntconcept-core,main,systems/TNTConcept/TNTConcept/tntconcept-core/src/main/java,systems/TNTConcept/TNTConcept/tntconcept-core/src/main/java/com/autentia/tnt/manager/document/DocumentCategoryManager.java,com.autentia.tnt.manager.document,DocumentCategoryManager,class,other,117,44,11,9,9,6,3,False,False,,
TNTConcept,TNTConcept/tntconcept-core,main,systems/TNTConcept/TNTConcept/tntconcept-core/src/main/java,systems/TNTConcept/TNTConcept/tntconcept-core/src/main/java/com/autentia/tnt/manager/document/DocumentManager.java,com.autentia.tnt.manager.document,DocumentManager,class,other,117,43,10,8,12,9,3,False,False,,
TNTConcept,TNTConcept/tntconcept-core,main,systems/TNTConcept/TNTConcept/tntconcept-core/src/main/java,systems/TNTConcept/TNTConcept/tntconcept-core/src/main/java/com/autentia/tnt/manager/document/DocumentVersionManager.java,com.autentia.tnt.manager.document,DocumentVersionManager,class,other,110,39,10,8,8,5,3,False,False,,
TNTConcept,TNTConcept/tntconcept-core,main,systems/TNTConcept/TNTConcept/tntconcept-core/src/main/java,systems/TNTConcept/TNTConcept/tntconcept-core/src/main/java/com/autentia/tnt/manager/holiday/AdminHolidayManager.java,com.autentia.tnt.manager.holiday,AdminHolidayManager,class,other,114,41,10,8,10,7,3,False,False,,
TNTConcept,TNTConcept/tntconcept-core,main,systems/TNTConcept/TNTConcept/tntconcept-core/src/main/java,systems/TNTConcept/TNTConcept/tntconcept-core/src/main/java/com/autentia/tnt/manager/holiday/HolidayManager.java,com.autentia.tnt.manager.holiday,HolidayManager,class,other,113,39,10,8,8,5,3,False,False,,
TNTConcept,TNTConcept/tntconcept-core,main,systems/TNTConcept/TNTConcept/tntconcept-core/src/main/java,systems/TNTConcept/TNTConcept/tntconcept-core/src/main/java/com/autentia/tnt/manager/holiday/RequestHolidayManager.java,com.autentia.tnt.manager.holiday,RequestHolidayManager,class,other,112,42,10,8,10,7,3,False,False,,
TNTConcept,TNTConcept/tntconcept-core,main,systems/TNTConcept/TNTConcept/tntconcept-core/src/main/java,systems/TNTConcept/TNTConcept/tntconcept-core/src/main/java/com/autentia/tnt/manager/holiday/UserHolidaysStateManager.java,com.autentia.tnt.manager.holiday,UserHolidaysStateManager,class,other,264,175,14,4,7,5,2,False,False,,
TNTConcept,TNTConcept/tntconcept-core,main,systems/TNTConcept/TNTConcept/tntconcept-core/src/main/java,systems/TNTConcept/TNTConcept/tntconcept-core/src/main/java/com/autentia/tnt/manager/publish/MagazineManager.java,com.autentia.tnt.manager.publish,MagazineManager,class,other,112,39,10,8,8,5,3,False,False,,
TNTConcept,TNTConcept/tntconcept-core,main,systems/TNTConcept/TNTConcept/tntconcept-core/src/main/java,systems/TNTConcept/TNTConcept/tntconcept-core/src/main/java/com/autentia/tnt/manager/publish/PublicationManager.java,com.autentia.tnt.manager.publish,PublicationManager,class,other,115,41,10,8,10,7,3,False,False,,
TNTConcept,TNTConcept/tntconcept-core,main,systems/TNTConcept/TNTConcept/tntconcept-core/src/main/java,systems/TNTConcept/TNTConcept/tntconcept-core/src/main/java/com/autentia/tnt/manager/publish/TutorialManager.java,com.autentia.tnt.manager.publish,TutorialManager,class,other,116,41,10,8,10,7,3,False,False,,
TNTConcept,TNTConcept/tntconcept-core,main,systems/TNTConcept/TNTConcept/tntconcept-core/src/main/java,systems/TNTConcept/TNTConcept/tntconcept-core/src/main/java/com/autentia/tnt/manager/report/FinalizeParsingException.java,com.autentia.tnt.manager.report,FinalizeParsingException,class,other,41,9,4,4,1,0,1,False,False,,
TNTConcept,TNTConcept/tntconcept-core,main,systems/TNTConcept/TNTConcept/tntconcept-core/src/main/java,systems/TNTConcept/TNTConcept/tntconcept-core/src/main/java/com/autentia/tnt/manager/report/ReportData.java,com.autentia.tnt.manager.report,ReportData,class,other,76,25,8,8,2,1,1,False,False,,
TNTConcept,TNTConcept/tntconcept-core,main,systems/TNTConcept/TNTConcept/tntconcept-core/src/main/java,systems/TNTConcept/TNTConcept/tntconcept-core/src/main/java/com/autentia/tnt/manager/report/ReportManager.java,com.autentia.tnt.manager.report,ReportManager,class,other,392,293,39,35,19,2,17,False,False,,
TNTConcept,TNTConcept/tntconcept-core,main,systems/TNTConcept/TNTConcept/tntconcept-core/src/main/java,systems/TNTConcept/TNTConcept/tntconcept-core/src/main/java/com/autentia/tnt/manager/security/AuthenticationManager.java,com.autentia.tnt.manager.security,AuthenticationManager,class,other,284,163,7,5,33,14,19,False,False,,
TNTConcept,TNTConcept/tntconcept-core,main,systems/TNTConcept/TNTConcept/tntconcept-core/src/main/java,systems/TNTConcept/TNTConcept/tntconcept-core/src/main/java/com/autentia/tnt/manager/security/AuthenticationManagerDaoImpl.java,com.autentia.tnt.manager.security,AuthenticationManagerDaoImpl,class,other,46,30,7,7,4,3,1,False,False,,Override
TNTConcept,TNTConcept/tntconcept-core,main,systems/TNTConcept/TNTConcept/tntconcept-core/src/main/java,systems/TNTConcept/TNTConcept/tntconcept-core/src/main/java/com/autentia/tnt/manager/security/AuthenticationManagerImpl.java,com.autentia.tnt.manager.security,AuthenticationManagerImpl,class,other,43,29,5,5,2,0,2,False,False,,
TNTConcept,TNTConcept/tntconcept-core,main,systems/TNTConcept/TNTConcept/tntconcept-core/src/main/java,systems/TNTConcept/TNTConcept/tntconcept-core/src/main/java/com/autentia/tnt/manager/security/AuthenticationManagerLdapImpl.java,com.autentia.tnt.manager.security,AuthenticationManagerLdapImpl,class,other,67,45,9,7,3,3,0,False,False,,
TNTConcept,TNTConcept/tntconcept-core,main,systems/TNTConcept/TNTConcept/tntconcept-core/src/main/java,systems/TNTConcept/TNTConcept/tntconcept-core/src/main/java/com/autentia/tnt/manager/security/AuthenticationManagerLdapTemplate.java,com.autentia.tnt.manager.security,AuthenticationManagerLdapTemplate,class,other,99,73,13,3,11,2,9,False,False,,
TNTConcept,TNTConcept/tntconcept-core,main,systems/TNTConcept/TNTConcept/tntconcept-core/src/main/java,systems/TNTConcept/TNTConcept/tntconcept-core/src/main/java/com/autentia/tnt/manager/security/CustomBindAuthenticator.java,com.autentia.tnt.manager.security,CustomBindAuthenticator,class,other,21,12,3,2,2,0,2,False,False,,Override
TNTConcept,TNTConcept/tntconcept-core,main,systems/TNTConcept/TNTConcept/tntconcept-core/src/main/java,systems/TNTConcept/TNTConcept/tntconcept-core/src/main/java/com/autentia/tnt/manager/security/CustomProviderManager.java,com.autentia.tnt.manager.security,CustomProviderManager,class,other,33,26,3,3,5,0,5,False,False,,Override
TNTConcept,TNTConcept/tntconcept-core,main,systems/TNTConcept/TNTConcept/tntconcept-core/src/main/java,systems/TNTConcept/TNTConcept/tntconcept-core/src/main/java/com/autentia/tnt/manager/security/exception/SecConfigException.java,com.autentia.tnt.manager.security.exception,SecConfigException,class,exception,52,15,6,6,0,0,0,False,False,,
TNTConcept,TNTConcept/tntconcept-core,main,systems/TNTConcept/TNTConcept/tntconcept-core/src/main/java,systems/TNTConcept/TNTConcept/tntconcept-core/src/main/java/com/autentia/tnt/manager/security/exception/SecException.java,com.autentia.tnt.manager.security.exception,SecException,class,exception,52,15,6,6,0,0,0,False,False,,
TNTConcept,TNTConcept/tntconcept-core,main,systems/TNTConcept/TNTConcept/tntconcept-core/src/main/java,systems/TNTConcept/TNTConcept/tntconcept-core/src/main/java/com/autentia/tnt/manager/security/impl/fixed/AclMatrixKey.java,com.autentia.tnt.manager.security.impl.fixed,AclMatrixKey,class,other,69,40,7,7,1,1,0,False,False,,
TNTConcept,TNTConcept/tntconcept-core,main,systems/TNTConcept/TNTConcept/tntconcept-core/src/main/java,systems/TNTConcept/TNTConcept/tntconcept-core/src/main/java/com/autentia/tnt/manager/security/impl/fixed/AclMatrixValue.java,com.autentia.tnt.manager.security.impl.fixed,AclMatrixValue,enum,other,36,9,0,0,0,0,0,False,False,,
TNTConcept,TNTConcept/tntconcept-core,main,systems/TNTConcept/TNTConcept/tntconcept-core/src/main/java,systems/TNTConcept/TNTConcept/tntconcept-core/src/main/java/com/autentia/tnt/manager/security/impl/fixed/DefaultAclAuthorizationStrategy.java,com.autentia.tnt.manager.security.impl.fixed,DefaultAclAuthorizationStrategy,class,other,58,22,2,2,5,0,5,False,False,,
TNTConcept,TNTConcept/tntconcept-core,main,systems/TNTConcept/TNTConcept/tntconcept-core/src/main/java,systems/TNTConcept/TNTConcept/tntconcept-core/src/main/java/com/autentia/tnt/manager/security/impl/fixed/DefaultAclService.java,com.autentia.tnt.manager.security.impl.fixed,DefaultAclService,class,other,227,154,11,9,18,4,14,False,False,,
TNTConcept,TNTConcept/tntconcept-core,main,systems/TNTConcept/TNTConcept/tntconcept-core/src/main/java,systems/TNTConcept/TNTConcept/tntconcept-core/src/main/java/com/autentia/tnt/manager/security/impl/fixed/DefaultAuditLogger.java,com.autentia.tnt.manager.security.impl.fixed,DefaultAuditLogger,class,other,46,19,1,1,5,0,5,False,False,,
TNTConcept,TNTConcept/tntconcept-core,main,systems/TNTConcept/TNTConcept/tntconcept-core/src/main/java,systems/TNTConcept/TNTConcept/tntconcept-core/src/main/java/com/autentia/tnt/manager/security/impl/fixed/DefaultSecurityConfiguration.java,com.autentia.tnt.manager.security.impl.fixed,DefaultSecurityConfiguration,class,other,650,443,20,9,23,9,14,False,False,,
TNTConcept,TNTConcept/tntconcept-core,main,systems/TNTConcept/TNTConcept/tntconcept-core/src/main/java,systems/TNTConcept/TNTConcept/tntconcept-core/src/main/java/com/autentia/tnt/manager/security/impl/fixed/FieldAclMatrixKey.java,com.autentia.tnt.manager.security.impl.fixed,FieldAclMatrixKey,class,other,82,51,10,10,3,1,2,False,False,,
TNTConcept,TNTConcept/tntconcept-core,main,systems/TNTConcept/TNTConcept/tntconcept-core/src/main/java,systems/TNTConcept/TNTConcept/tntconcept-core/src/main/java/com/autentia/tnt/manager/security/impl/fixed/ISecurityConfiguration.java,com.autentia.tnt.manager.security.impl.fixed,ISecurityConfiguration,interface,other,41,10,0,0,2,0,2,False,False,,
TNTConcept,TNTConcept/tntconcept-core,main,systems/TNTConcept/TNTConcept/tntconcept-core/src/main/java,systems/TNTConcept/TNTConcept/tntconcept-core/src/main/java/com/autentia/tnt/manager/security/impl/fixed/IWorkFlowConfiguration.java,com.autentia.tnt.manager.security.impl.fixed,IWorkFlowConfiguration,interface,other,30,6,0,0,2,1,1,False,False,,
TNTConcept,TNTConcept/tntconcept-core,main,systems/TNTConcept/TNTConcept/tntconcept-core/src/main/java,systems/TNTConcept/TNTConcept/tntconcept-core/src/main/java/com/autentia/tnt/manager/security/impl/fixed/UserRolesService.java,com.autentia.tnt.manager.security.impl.fixed,UserRolesService,class,other,56,27,3,3,7,4,3,False,False,,
TNTConcept,TNTConcept/tntconcept-core,main,systems/TNTConcept/TNTConcept/tntconcept-core/src/main/java,systems/TNTConcept/TNTConcept/tntconcept-core/src/main/java/com/autentia/tnt/manager/security/IUserRolesService.java,com.autentia.tnt.manager.security,IUserRolesService,interface,other,32,8,0,0,3,2,1,False,False,,
TNTConcept,TNTConcept/tntconcept-core,main,systems/TNTConcept/TNTConcept/tntconcept-core/src/main/java,systems/TNTConcept/TNTConcept/tntconcept-core/src/main/java/com/autentia/tnt/manager/security/LdapAttributes.java,com.autentia.tnt.manager.security,LdapAttributes,class,other,10,6,0,0,0,0,0,False,False,,
TNTConcept,TNTConcept/tntconcept-core,main,systems/TNTConcept/TNTConcept/tntconcept-core/src/main/java,systems/TNTConcept/TNTConcept/tntconcept-core/src/main/java/com/autentia/tnt/manager/security/LdapCustomAuthenticationProvider.java,com.autentia.tnt.manager.security,LdapCustomAuthenticationProvider,class,other,110,85,8,3,15,1,14,False,False,,Override|Override
TNTConcept,TNTConcept/tntconcept-core,main,systems/TNTConcept/TNTConcept/tntconcept-core/src/main/java,systems/TNTConcept/TNTConcept/tntconcept-core/src/main/java/com/autentia/tnt/manager/security/Permission.java,com.autentia.tnt.manager.security,Permission,class,other,121,40,3,3,3,1,2,False,False,,
TNTConcept,TNTConcept/tntconcept-core,main,systems/TNTConcept/TNTConcept/tntconcept-core/src/main/java,systems/TNTConcept/TNTConcept/tntconcept-core/src/main/java/com/autentia/tnt/manager/security/Principal.java,com.autentia.tnt.manager.security,Principal,class,other,175,98,23,23,8,1,7,False,False,,SuppressWarnings
TNTConcept,TNTConcept/tntconcept-core,main,systems/TNTConcept/TNTConcept/tntconcept-core/src/main/java,systems/TNTConcept/TNTConcept/tntconcept-core/src/main/java/com/autentia/tnt/manager/security/PrincipalResetPassword.java,com.autentia.tnt.manager.security,PrincipalResetPassword,class,other,24,17,2,2,1,1,0,False,False,,
TNTConcept,TNTConcept/tntconcept-core,main,systems/TNTConcept/TNTConcept/tntconcept-core/src/main/java,systems/TNTConcept/TNTConcept/tntconcept-core/src/main/java/com/autentia/tnt/manager/security/TransferObjectIdentity.java,com.autentia.tnt.manager.security,TransferObjectIdentity,class,other,69,39,5,5,3,1,2,False,False,,
TNTConcept,TNTConcept/tntconcept-core,main,systems/TNTConcept/TNTConcept/tntconcept-core/src/main/java,systems/TNTConcept/TNTConcept/tntconcept-core/src/main/java/com/autentia/tnt/manager/security/TransferObjectIdentityRetrievalStrategy.java,com.autentia.tnt.manager.security,TransferObjectIdentityRetrievalStrategy,class,other,43,18,1,1,3,1,2,False,False,,
TNTConcept,TNTConcept/tntconcept-core,main,systems/TNTConcept/TNTConcept/tntconcept-core/src/main/java,systems/TNTConcept/TNTConcept/tntconcept-core/src/main/java/com/autentia/tnt/manager/tags/TagManager.java,com.autentia.tnt.manager.tags,TagManager,class,other,194,101,14,10,15,12,3,False,False,,
TNTConcept,TNTConcept/tntconcept-core,main,systems/TNTConcept/TNTConcept/tntconcept-core/src/main/java,systems/TNTConcept/TNTConcept/tntconcept-core/src/main/java/com/autentia/tnt/manager/workflow/Field.java,com.autentia.tnt.manager.workflow,Field,class,other,106,79,19,19,0,0,0,False,False,,Override|Override
TNTConcept,TNTConcept/tntconcept-core,main,systems/TNTConcept/TNTConcept/tntconcept-core/src/main/java,systems/TNTConcept/TNTConcept/tntconcept-core/src/main/java/com/autentia/tnt/manager/workflow/IWorkFlowConfiguration.java,com.autentia.tnt.manager.workflow,IWorkFlowConfiguration,interface,other,30,5,0,0,1,0,1,False,False,,
TNTConcept,TNTConcept/tntconcept-core,main,systems/TNTConcept/TNTConcept/tntconcept-core/src/main/java,systems/TNTConcept/TNTConcept/tntconcept-core/src/main/java/com/autentia/tnt/manager/workflow/State.java,com.autentia.tnt.manager.workflow,State,class,other,135,95,23,23,2,0,2,False,False,,Override|Override
TNTConcept,TNTConcept/tntconcept-core,main,systems/TNTConcept/TNTConcept/tntconcept-core/src/main/java,systems/TNTConcept/TNTConcept/tntconcept-core/src/main/java/com/autentia/tnt/manager/workflow/WorkFlow.java,com.autentia.tnt.manager.workflow,WorkFlow,class,other,52,27,6,6,2,0,2,False,False,,
TNTConcept,TNTConcept/tntconcept-core,main,systems/TNTConcept/TNTConcept/tntconcept-core/src/main/java,systems/TNTConcept/TNTConcept/tntconcept-core/src/main/java/com/autentia/tnt/tracking/annotation/ChangesHistory.java,com.autentia.tnt.tracking.annotation,ChangesHistory,unknown,other,37,12,0,0,4,0,4,False,False,,Retention|Target
TNTConcept,TNTConcept/tntconcept-core,main,systems/TNTConcept/TNTConcept/tntconcept-core/src/main/java,systems/TNTConcept/TNTConcept/tntconcept-core/src/main/java/com/autentia/tnt/tracking/annotation/ChangesHistoryAspect.java,com.autentia.tnt.tracking.annotation,ChangesHistoryAspect,class,other,196,113,6,1,12,2,10,False,False,,Aspect|Before
TNTConcept,TNTConcept/tntconcept-core,main,systems/TNTConcept/TNTConcept/tntconcept-core/src/main/java,systems/TNTConcept/TNTConcept/tntconcept-core/src/main/java/com/autentia/tnt/tracking/EntityChange.java,com.autentia.tnt.tracking,EntityChange,class,other,156,92,25,23,4,2,2,False,False,,
TNTConcept,TNTConcept/tntconcept-core,main,systems/TNTConcept/TNTConcept/tntconcept-core/src/main/java,systems/TNTConcept/TNTConcept/tntconcept-core/src/main/java/com/autentia/tnt/tracking/exception/TrackingChangesException.java,com.autentia.tnt.tracking.exception,TrackingChangesException,class,exception,30,9,4,4,0,0,0,False,False,,
TNTConcept,TNTConcept/tntconcept-core,main,systems/TNTConcept/TNTConcept/tntconcept-core/src/main/java,systems/TNTConcept/TNTConcept/tntconcept-core/src/main/java/com/autentia/tnt/tracking/hibernate/dao/EntityChangeDAO.java,com.autentia.tnt.tracking.hibernate.dao,EntityChangeDAO,class,repository,59,31,7,7,6,5,1,False,False,,Override
TNTConcept,TNTConcept/tntconcept-core,main,systems/TNTConcept/TNTConcept/tntconcept-core/src/main/java,systems/TNTConcept/TNTConcept/tntconcept-core/src/main/java/com/autentia/tnt/tracking/hibernate/listener/TrackChangesLoadListener.java,com.autentia.tnt.tracking.hibernate.listener,TrackChangesLoadListener,class,event,53,25,1,1,6,2,4,False,False,,Override
TNTConcept,TNTConcept/tntconcept-core,main,systems/TNTConcept/TNTConcept/tntconcept-core/src/main/java,systems/TNTConcept/TNTConcept/tntconcept-core/src/main/java/com/autentia/tnt/tracking/hibernate/listener/TrackChangesMergeListener.java,com.autentia.tnt.tracking.hibernate.listener,TrackChangesMergeListener,class,event,57,26,1,1,7,2,5,False,False,,
TNTConcept,TNTConcept/tntconcept-core,main,systems/TNTConcept/TNTConcept/tntconcept-core/src/main/java,systems/TNTConcept/TNTConcept/tntconcept-core/src/main/java/com/autentia/tnt/tracking/hibernate/listener/TrackChangesUpdateListener.java,com.autentia.tnt.tracking.hibernate.listener,TrackChangesUpdateListener,class,event,53,23,1,1,6,2,4,False,False,,
TNTConcept,TNTConcept/tntconcept-core,main,systems/TNTConcept/TNTConcept/tntconcept-core/src/main/java,systems/TNTConcept/TNTConcept/tntconcept-core/src/main/java/com/autentia/tnt/tracking/mail/TrackChangesMailService.java,com.autentia.tnt.tracking.mail,TrackChangesMailService,class,other,154,100,10,4,9,4,5,False,False,,
TNTConcept,TNTConcept/tntconcept-core,main,systems/TNTConcept/TNTConcept/tntconcept-core/src/main/java,systems/TNTConcept/TNTConcept/tntconcept-core/src/main/java/com/autentia/tnt/tracking/TrackChanges.java,com.autentia.tnt.tracking,TrackChanges,class,other,125,90,16,15,7,1,6,False,False,,
TNTConcept,TNTConcept/tntconcept-core,main,systems/TNTConcept/TNTConcept/tntconcept-core/src/main/java,systems/TNTConcept/TNTConcept/tntconcept-core/src/main/java/com/autentia/tnt/tracking/Tracking.java,com.autentia.tnt.tracking,Tracking,interface,other,61,18,0,0,2,0,2,False,False,,
TNTConcept,TNTConcept/tntconcept-core,main,systems/TNTConcept/TNTConcept/tntconcept-core/src/main/java,systems/TNTConcept/TNTConcept/tntconcept-core/src/main/java/com/autentia/tnt/tracking/TrackingBase.java,com.autentia.tnt.tracking,TrackingBase,class,other,96,51,14,14,2,0,2,False,False,,
TNTConcept,TNTConcept/tntconcept-core,main,systems/TNTConcept/TNTConcept/tntconcept-core/src/main/java,systems/TNTConcept/TNTConcept/tntconcept-core/src/main/java/com/autentia/tnt/upload/impl/ActivityImageUploader.java,com.autentia.tnt.upload.impl,ActivityImageUploader,class,other,141,108,7,3,14,2,12,False,False,,
TNTConcept,TNTConcept/tntconcept-core,main,systems/TNTConcept/TNTConcept/tntconcept-core/src/main/java,systems/TNTConcept/TNTConcept/tntconcept-core/src/main/java/com/autentia/tnt/upload/impl/DefaultUploader.java,com.autentia.tnt.upload.impl,DefaultUploader,class,other,182,112,8,7,7,2,5,False,False,,
TNTConcept,TNTConcept/tntconcept-core,main,systems/TNTConcept/TNTConcept/tntconcept-core/src/main/java,systems/TNTConcept/TNTConcept/tntconcept-core/src/main/java/com/autentia/tnt/upload/Uploader.java,com.autentia.tnt.upload,Uploader,interface,other,76,11,0,0,2,0,2,False,False,,
TNTConcept,TNTConcept/tntconcept-core,main,systems/TNTConcept/TNTConcept/tntconcept-core/src/main/java,systems/TNTConcept/TNTConcept/tntconcept-core/src/main/java/com/autentia/tnt/upload/UploaderFactory.java,com.autentia.tnt.upload,UploaderFactory,class,other,39,8,1,1,1,1,0,False,False,,
TNTConcept,TNTConcept/tntconcept-core,main,systems/TNTConcept/TNTConcept/tntconcept-core/src/main/java,systems/TNTConcept/TNTConcept/tntconcept-core/src/main/java/com/autentia/tnt/util/BeanUtils.java,com.autentia.tnt.util,BeanUtils,class,utility,62,30,2,2,5,1,4,False,False,,
TNTConcept,TNTConcept/tntconcept-core,main,systems/TNTConcept/TNTConcept/tntconcept-core/src/main/java,systems/TNTConcept/TNTConcept/tntconcept-core/src/main/java/com/autentia/tnt/util/ConfigurationUtil.java,com.autentia.tnt.util,ConfigurationUtil,class,utility,571,308,69,66,20,2,18,False,False,,
TNTConcept,TNTConcept/tntconcept-core,main,systems/TNTConcept/TNTConcept/tntconcept-core/src/main/java,systems/TNTConcept/TNTConcept/tntconcept-core/src/main/java/com/autentia/tnt/util/DateUtils.java,com.autentia.tnt.util,DateUtils,class,utility,140,63,8,8,2,0,2,False,False,,
TNTConcept,TNTConcept/tntconcept-core,main,systems/TNTConcept/TNTConcept/tntconcept-core/src/main/java,systems/TNTConcept/TNTConcept/tntconcept-core/src/main/java/com/autentia/tnt/util/FileUtil.java,com.autentia.tnt.util,FileUtil,class,utility,67,34,2,2,1,0,1,False,False,,
TNTConcept,TNTConcept/tntconcept-core,main,systems/TNTConcept/TNTConcept/tntconcept-core/src/main/java,systems/TNTConcept/TNTConcept/tntconcept-core/src/main/java/com/autentia/tnt/util/GenericEnumUserType.java,com.autentia.tnt.util,GenericEnumUserType,class,utility,142,100,12,12,12,0,12,False,False,,
TNTConcept,TNTConcept/tntconcept-core,main,systems/TNTConcept/TNTConcept/tntconcept-core/src/main/java,systems/TNTConcept/TNTConcept/tntconcept-core/src/main/java/com/autentia/tnt/util/HibernateUtil.java,com.autentia.tnt.util,HibernateUtil,class,utility,68,27,1,1,4,0,4,False,False,,
TNTConcept,TNTConcept/tntconcept-core,main,systems/TNTConcept/TNTConcept/tntconcept-core/src/main/java,systems/TNTConcept/TNTConcept/tntconcept-core/src/main/java/com/autentia/tnt/util/IvaApplicator.java,com.autentia.tnt.util,IvaApplicator,class,utility,28,21,1,1,4,1,3,False,False,,
TNTConcept,TNTConcept/tntconcept-core,main,systems/TNTConcept/TNTConcept/tntconcept-core/src/main/java,systems/TNTConcept/TNTConcept/tntconcept-core/src/main/java/com/autentia/tnt/util/SettingPath.java,com.autentia.tnt.util,SettingPath,class,utility,46,19,2,0,0,0,0,False,False,,
TNTConcept,TNTConcept/tntconcept-core,main,systems/TNTConcept/TNTConcept/tntconcept-core/src/main/java,systems/TNTConcept/TNTConcept/tntconcept-core/src/main/java/com/autentia/tnt/util/SpringUtils.java,com.autentia.tnt.util,SpringUtils,class,utility,213,125,10,8,17,3,14,False,False,,SuppressWarnings
TNTConcept,TNTConcept/tntconcept-core,main,systems/TNTConcept/TNTConcept/tntconcept-core/src/main/java,systems/TNTConcept/TNTConcept/tntconcept-core/src/main/java/com/autentia/tnt/version/Version.java,com.autentia.tnt.version,Version,class,other,186,129,15,15,10,1,9,False,False,,
TNTConcept,TNTConcept/tntconcept-core,main,systems/TNTConcept/TNTConcept/tntconcept-core/src/main/java,systems/TNTConcept/TNTConcept/tntconcept-core/src/main/java/com/autentia/tnt/xml/DOMUtils.java,com.autentia.tnt.xml,DOMUtils,class,other,53,15,2,2,1,0,1,False,False,,
TNTConcept,TNTConcept/tntconcept-core,main,systems/TNTConcept/TNTConcept/tntconcept-core/src/main/java,systems/TNTConcept/TNTConcept/tntconcept-core/src/main/java/com/autentia/tnt/xml/ParameterReport.java,com.autentia.tnt.xml,ParameterReport,class,other,74,42,11,11,0,0,0,False,False,,
TNTConcept,TNTConcept/tntconcept-core,main,systems/TNTConcept/TNTConcept/tntconcept-core/src/main/java,systems/TNTConcept/TNTConcept/tntconcept-core/src/main/java/com/autentia/tnt/xml/UtilitiesXML.java,com.autentia.tnt.xml,UtilitiesXML,class,other,174,94,8,8,14,1,13,False,False,,
TNTConcept,TNTConcept/tntconcept-core,main,systems/TNTConcept/TNTConcept/tntconcept-core/src/main/java,systems/TNTConcept/TNTConcept/tntconcept-core/src/main/java/com/autentia/tnt/xml/UtilitiesXPath.java,com.autentia.tnt.xml,UtilitiesXPath,class,other,201,131,15,15,9,0,9,False,False,,
TNTConcept,TNTConcept/tntconcept-core,test,systems/TNTConcept/TNTConcept/tntconcept-core/src/test/java,systems/TNTConcept/TNTConcept/tntconcept-core/src/test/java/com/autentia/tnt/businessobject/BillTest.java,com.autentia.tnt.businessobject,BillTest,class,test,124,75,5,5,6,0,6,False,False,,Test|Test|Test|Test|Test
TNTConcept,TNTConcept/tntconcept-core,test,systems/TNTConcept/TNTConcept/tntconcept-core/src/test/java,systems/TNTConcept/TNTConcept/tntconcept-core/src/test/java/com/autentia/tnt/businessobject/HolidayMother.java,com.autentia.tnt.businessobject,HolidayMother,class,test,13,11,1,1,1,0,1,False,False,,
TNTConcept,TNTConcept/tntconcept-core,test,systems/TNTConcept/TNTConcept/tntconcept-core/src/test/java,systems/TNTConcept/TNTConcept/tntconcept-core/src/test/java/com/autentia/tnt/businessobject/OfferTest.java,com.autentia.tnt.businessobject,OfferTest,class,test,67,38,4,4,2,0,2,False,False,,Test|Test|Test|Test
TNTConcept,TNTConcept/tntconcept-core,test,systems/TNTConcept/TNTConcept/tntconcept-core/src/test/java,systems/TNTConcept/TNTConcept/tntconcept-core/src/test/java/com/autentia/tnt/businessobject/RequestHolidayMother.java,com.autentia.tnt.businessobject,RequestHolidayMother,class,test,17,13,1,1,1,0,1,False,False,,
TNTConcept,TNTConcept/tntconcept-core,test,systems/TNTConcept/TNTConcept/tntconcept-core/src/test/java,systems/TNTConcept/TNTConcept/tntconcept-core/src/test/java/com/autentia/tnt/businessobject/UserMother.java,com.autentia.tnt.businessobject,UserMother,class,test,19,15,1,1,2,0,2,False,False,,
TNTConcept,TNTConcept/tntconcept-core,test,systems/TNTConcept/TNTConcept/tntconcept-core/src/test/java,systems/TNTConcept/TNTConcept/tntconcept-core/src/test/java/com/autentia/tnt/businessobject/UserTest.java,com.autentia.tnt.businessobject,UserTest,class,test,129,99,14,14,9,2,7,False,False,,Before|Test|Test|Test|Test|Test|Test|Test|Test|Test|Test|Test|Test|Test
TNTConcept,TNTConcept/tntconcept-core,test,systems/TNTConcept/TNTConcept/tntconcept-core/src/test/java,systems/TNTConcept/TNTConcept/tntconcept-core/src/test/java/com/autentia/tnt/businessobject/WorkingAgreementMother.java,com.autentia.tnt.businessobject,WorkingAgreementMother,class,test,38,32,2,2,6,1,5,False,False,,
TNTConcept,TNTConcept/tntconcept-core,test,systems/TNTConcept/TNTConcept/tntconcept-core/src/test/java,systems/TNTConcept/TNTConcept/tntconcept-core/src/test/java/com/autentia/tnt/businessobject/WorkingAgreementTermsMother.java,com.autentia.tnt.businessobject,WorkingAgreementTermsMother,class,test,21,17,1,1,2,0,2,False,False,,
TNTConcept,TNTConcept/tntconcept-core,test,systems/TNTConcept/TNTConcept/tntconcept-core/src/test/java,systems/TNTConcept/TNTConcept/tntconcept-core/src/test/java/com/autentia/tnt/dao/hibernate/AccountDAO_IT.java,com.autentia.tnt.dao.hibernate,AccountDAO_IT,class,test,116,84,11,10,11,6,5,False,False,,Test|Test|Test|Test|Test|Test|Test|Test
TNTConcept,TNTConcept/tntconcept-core,test,systems/TNTConcept/TNTConcept/tntconcept-core/src/test/java,systems/TNTConcept/TNTConcept/tntconcept-core/src/test/java/com/autentia/tnt/dao/hibernate/AccountEntryDAO_IT.java,com.autentia.tnt.dao.hibernate,AccountEntryDAO_IT,class,test,126,91,11,10,13,7,6,False,False,,Test|Test|Test|Test|Test|Test|Test|Test
TNTConcept,TNTConcept/tntconcept-core,test,systems/TNTConcept/TNTConcept/tntconcept-core/src/test/java,systems/TNTConcept/TNTConcept/tntconcept-core/src/test/java/com/autentia/tnt/dao/hibernate/AccountEntryGroupDAO_IT.java,com.autentia.tnt.dao.hibernate,AccountEntryGroupDAO_IT,class,test,110,79,11,10,10,5,5,False,False,,Test|Test|Test|Test|Test|Test|Test|Test
TNTConcept,TNTConcept/tntconcept-core,test,systems/TNTConcept/TNTConcept/tntconcept-core/src/test/java,systems/TNTConcept/TNTConcept/tntconcept-core/src/test/java/com/autentia/tnt/dao/hibernate/AccountEntryTypeDAO_IT.java,com.autentia.tnt.dao.hibernate,AccountEntryTypeDAO_IT,class,test,117,83,11,10,11,6,5,False,False,,Test|Test|Test|Test|Test|Test|Test|Test
TNTConcept,TNTConcept/tntconcept-core,test,systems/TNTConcept/TNTConcept/tntconcept-core/src/test/java,systems/TNTConcept/TNTConcept/tntconcept-core/src/test/java/com/autentia/tnt/dao/hibernate/AccountTypeDAO_IT.java,com.autentia.tnt.dao.hibernate,AccountTypeDAO_IT,class,test,108,77,11,10,9,5,4,False,False,,Test|Test|Test|Test|Test|Test|Test|Test
TNTConcept,TNTConcept/tntconcept-core,test,systems/TNTConcept/TNTConcept/tntconcept-core/src/test/java,systems/TNTConcept/TNTConcept/tntconcept-core/src/test/java/com/autentia/tnt/dao/hibernate/ActivityDAO_IT.java,com.autentia.tnt.dao.hibernate,ActivityDAO_IT,class,test,131,95,11,10,13,7,6,False,False,,Test|Test|Test|Test|Test|Test|Test|Test
TNTConcept,TNTConcept/tntconcept-core,test,systems/TNTConcept/TNTConcept/tntconcept-core/src/test/java,systems/TNTConcept/TNTConcept/tntconcept-core/src/test/java/com/autentia/tnt/dao/hibernate/AdminHolidayDAO_IT.java,com.autentia.tnt.dao.hibernate,AdminHolidayDAO_IT,class,test,126,92,11,10,13,7,6,False,False,,Test|Test|Test|Test|Test|Test|Test|Test
TNTConcept,TNTConcept/tntconcept-core,test,systems/TNTConcept/TNTConcept/tntconcept-core/src/test/java,systems/TNTConcept/TNTConcept/tntconcept-core/src/test/java/com/autentia/tnt/dao/hibernate/ArchimedesSecuritySubjectDAO_IT.java,com.autentia.tnt.dao.hibernate,ArchimedesSecuritySubjectDAO_IT,class,test,52,37,5,4,5,3,2,False,False,,Test|Test
TNTConcept,TNTConcept/tntconcept-core,test,systems/TNTConcept/TNTConcept/tntconcept-core/src/test/java,systems/TNTConcept/TNTConcept/tntconcept-core/src/test/java/com/autentia/tnt/dao/hibernate/BillBreakDownDAO_IT.java,com.autentia.tnt.dao.hibernate,BillBreakDownDAO_IT,class,test,117,85,11,10,11,6,5,False,False,,Test|Test|Test|Test|Test|Test|Test|Test
TNTConcept,TNTConcept/tntconcept-core,test,systems/TNTConcept/TNTConcept/tntconcept-core/src/test/java,systems/TNTConcept/TNTConcept/tntconcept-core/src/test/java/com/autentia/tnt/dao/hibernate/BillCategoryDAO_IT.java,com.autentia.tnt.dao.hibernate,BillCategoryDAO_IT,class,test,112,80,11,10,9,5,4,False,False,,Test|Test|Test|Test|Test|Test|Test|Test
TNTConcept,TNTConcept/tntconcept-core,test,systems/TNTConcept/TNTConcept/tntconcept-core/src/test/java,systems/TNTConcept/TNTConcept/tntconcept-core/src/test/java/com/autentia/tnt/dao/hibernate/BillDAO_IT.java,com.autentia.tnt.dao.hibernate,BillDAO_IT,class,test,149,112,11,10,13,7,6,False,False,,Test|Test|Test|Test|Test|Test|Test|Test
TNTConcept,TNTConcept/tntconcept-core,test,systems/TNTConcept/TNTConcept/tntconcept-core/src/test/java,systems/TNTConcept/TNTConcept/tntconcept-core/src/test/java/com/autentia/tnt/dao/hibernate/BookDAO_IT.java,com.autentia.tnt.dao.hibernate,BookDAO_IT,class,test,113,82,11,10,10,5,5,False,False,,Test|Test|Test|Test|Test|Test|Test|Test
TNTConcept,TNTConcept/tntconcept-core,test,systems/TNTConcept/TNTConcept/tntconcept-core/src/test/java,systems/TNTConcept/TNTConcept/tntconcept-core/src/test/java/com/autentia/tnt/dao/hibernate/BulletinBoardCategoryDAO_IT.java,com.autentia.tnt.dao.hibernate,BulletinBoardCategoryDAO_IT,class,test,116,83,12,11,10,5,5,False,False,,Test|Test|Test|Test|Test|Test|Test|Test|Test
TNTConcept,TNTConcept/tntconcept-core,test,systems/TNTConcept/TNTConcept/tntconcept-core/src/test/java,systems/TNTConcept/TNTConcept/tntconcept-core/src/test/java/com/autentia/tnt/dao/hibernate/BulletinBoardDAO_IT.java,com.autentia.tnt.dao.hibernate,BulletinBoardDAO_IT,class,test,146,106,13,12,12,7,5,False,False,,Test|Test|Test|Test|Test|Test|Test|Test|Test|Test
TNTConcept,TNTConcept/tntconcept-core,test,systems/TNTConcept/TNTConcept/tntconcept-core/src/test/java,systems/TNTConcept/TNTConcept/tntconcept-core/src/test/java/com/autentia/tnt/dao/hibernate/CollaboratorDAO_IT.java,com.autentia.tnt.dao.hibernate,CollaboratorDAO_IT,class,test,128,94,11,10,12,8,4,False,False,,Test|Test|Test|Test|Test|Test|Test|Test
TNTConcept,TNTConcept/tntconcept-core,test,systems/TNTConcept/TNTConcept/tntconcept-core/src/test/java,systems/TNTConcept/TNTConcept/tntconcept-core/src/test/java/com/autentia/tnt/dao/hibernate/CommissioningDAO_IT.java,com.autentia.tnt.dao.hibernate,CommissioningDAO_IT,class,test,132,100,11,10,13,7,6,False,False,,Test|Test|Test|Test|Test|Test|Test|Test
TNTConcept,TNTConcept/tntconcept-core,test,systems/TNTConcept/TNTConcept/tntconcept-core/src/test/java,systems/TNTConcept/TNTConcept/tntconcept-core/src/test/java/com/autentia/tnt/dao/hibernate/CompanyStateDAO_IT.java,com.autentia.tnt.dao.hibernate,CompanyStateDAO_IT,class,test,115,83,11,10,11,6,5,False,False,,Test|Test|Test|Test|Test|Test|Test|Test
TNTConcept,TNTConcept/tntconcept-core,test,systems/TNTConcept/TNTConcept/tntconcept-core/src/test/java,systems/TNTConcept/TNTConcept/tntconcept-core/src/test/java/com/autentia/tnt/dao/hibernate/ContactDAO_IT.java,com.autentia.tnt.dao.hibernate,ContactDAO_IT,class,test,132,97,12,11,9,5,4,False,False,,Test|Test|Test|Test|Test|Test|Test|Test|Test
TNTConcept,TNTConcept/tntconcept-core,test,systems/TNTConcept/TNTConcept/tntconcept-core/src/test/java,systems/TNTConcept/TNTConcept/tntconcept-core/src/test/java/com/autentia/tnt/dao/hibernate/ContractTypeDAO_IT.java,com.autentia.tnt.dao.hibernate,ContractTypeDAO_IT,class,test,110,79,11,10,10,5,5,False,False,,Test|Test|Test|Test|Test|Test|Test|Test
TNTConcept,TNTConcept/tntconcept-core,test,systems/TNTConcept/TNTConcept/tntconcept-core/src/test/java,systems/TNTConcept/TNTConcept/tntconcept-core/src/test/java/com/autentia/tnt/dao/hibernate/CountryDAO_IT.java,com.autentia.tnt.dao.hibernate,CountryDAO_IT,class,test,99,71,10,9,8,4,4,False,False,,Test|Test|Test|Test|Test|Test|Test
TNTConcept,TNTConcept/tntconcept-core,test,systems/TNTConcept/TNTConcept/tntconcept-core/src/test/java,systems/TNTConcept/TNTConcept/tntconcept-core/src/test/java/com/autentia/tnt/dao/hibernate/CreditTitleDAO_IT.java,com.autentia.tnt.dao.hibernate,CreditTitleDAO_IT,class,test,123,91,11,10,14,8,6,False,False,,Test|Test|Test|Test|Test|Test|Test|Test
TNTConcept,TNTConcept/tntconcept-core,test,systems/TNTConcept/TNTConcept/tntconcept-core/src/test/java,systems/TNTConcept/TNTConcept/tntconcept-core/src/test/java/com/autentia/tnt/dao/hibernate/DepartmentDAO_IT.java,com.autentia.tnt.dao.hibernate,DepartmentDAO_IT,class,test,114,82,11,10,10,6,4,False,False,,Test|Test|Test|Test|Test|Test|Test|Test
TNTConcept,TNTConcept/tntconcept-core,test,systems/TNTConcept/TNTConcept/tntconcept-core/src/test/java,systems/TNTConcept/TNTConcept/tntconcept-core/src/test/java/com/autentia/tnt/dao/hibernate/DocumentCategoryDAO_IT.java,com.autentia.tnt.dao.hibernate,DocumentCategoryDAO_IT,class,test,92,64,9,8,10,5,5,False,False,,Test|Test|Test|Test|Test|Test
TNTConcept,TNTConcept/tntconcept-core,test,systems/TNTConcept/TNTConcept/tntconcept-core/src/test/java,systems/TNTConcept/TNTConcept/tntconcept-core/src/test/java/com/autentia/tnt/dao/hibernate/DocumentDAO_IT.java,com.autentia.tnt.dao.hibernate,DocumentDAO_IT,class,test,103,74,10,9,12,5,7,False,False,,Test|Test|Test|Test|Test|Test|Test
TNTConcept,TNTConcept/tntconcept-core,test,systems/TNTConcept/TNTConcept/tntconcept-core/src/test/java,systems/TNTConcept/TNTConcept/tntconcept-core/src/test/java/com/autentia/tnt/dao/hibernate/DocumentVersionDAO_IT.java,com.autentia.tnt.dao.hibernate,DocumentVersionDAO_IT,class,test,123,90,12,11,13,6,7,False,False,,Test|Test|Test|Test|Test|Test|Test|Test|Test
TNTConcept,TNTConcept/tntconcept-core,test,systems/TNTConcept/TNTConcept/tntconcept-core/src/test/java,systems/TNTConcept/TNTConcept/tntconcept-core/src/test/java/com/autentia/tnt/dao/hibernate/FinancialRatioDAO_IT.java,com.autentia.tnt.dao.hibernate,FinancialRatioDAO_IT,class,test,125,94,11,10,11,5,6,False,False,,Test|Test|Test|Test|Test|Test|Test|Test
TNTConcept,TNTConcept/tntconcept-core,test,systems/TNTConcept/TNTConcept/tntconcept-core/src/test/java,systems/TNTConcept/TNTConcept/tntconcept-core/src/test/java/com/autentia/tnt/dao/hibernate/FrequencyDAO_IT.java,com.autentia.tnt.dao.hibernate,FrequencyDAO_IT,class,test,109,78,11,10,9,5,4,False,False,,Test|Test|Test|Test|Test|Test|Test|Test
TNTConcept,TNTConcept/tntconcept-core,test,systems/TNTConcept/TNTConcept/tntconcept-core/src/test/java,systems/TNTConcept/TNTConcept/tntconcept-core/src/test/java/com/autentia/tnt/dao/hibernate/HolidayDAO_IT.java,com.autentia.tnt.dao.hibernate,HolidayDAO_IT,class,test,110,79,11,10,10,5,5,False,False,,Test|Test|Test|Test|Test|Test|Test|Test
TNTConcept,TNTConcept/tntconcept-core,test,systems/TNTConcept/TNTConcept/tntconcept-core/src/test/java,systems/TNTConcept/TNTConcept/tntconcept-core/src/test/java/com/autentia/tnt/dao/hibernate/IdeaDAO_IT.java,com.autentia.tnt.dao.hibernate,IdeaDAO_IT,class,test,104,76,10,9,12,7,5,False,False,,Test|Test|Test|Test|Test|Test|Test
TNTConcept,TNTConcept/tntconcept-core,test,systems/TNTConcept/TNTConcept/tntconcept-core/src/test/java,systems/TNTConcept/TNTConcept/tntconcept-core/src/test/java/com/autentia/tnt/dao/hibernate/InteractionDAO_IT.java,com.autentia.tnt.dao.hibernate,InteractionDAO_IT,class,test,115,88,10,9,14,9,5,False,False,,Test|Test|Test|Test|Test|Test|Test
TNTConcept,TNTConcept/tntconcept-core,test,systems/TNTConcept/TNTConcept/tntconcept-core/src/test/java,systems/TNTConcept/TNTConcept/tntconcept-core/src/test/java/com/autentia/tnt/dao/hibernate/InteractionTypeDAO_IT.java,com.autentia.tnt.dao.hibernate,InteractionTypeDAO_IT,class,test,102,74,11,10,9,6,3,False,False,,Test|Test|Test|Test|Test|Test|Test|Test
TNTConcept,TNTConcept/tntconcept-core,test,systems/TNTConcept/TNTConcept/tntconcept-core/src/test/java,systems/TNTConcept/TNTConcept/tntconcept-core/src/test/java/com/autentia/tnt/dao/hibernate/InventaryDAO_IT.java,com.autentia.tnt.dao.hibernate,InventaryDAO_IT,class,test,118,89,11,10,13,7,6,False,False,,Test|Test|Test|Test|Test|Test|Test|Test
TNTConcept,TNTConcept/tntconcept-core,test,systems/TNTConcept/TNTConcept/tntconcept-core/src/test/java,systems/TNTConcept/TNTConcept/tntconcept-core/src/test/java/com/autentia/tnt/dao/hibernate/IVAReasonDAO_IT.java,com.autentia.tnt.dao.hibernate,IVAReasonDAO_IT,class,test,91,67,10,9,8,5,3,False,False,,Test|Test|Test|Test|Test|Test|Test
TNTConcept,TNTConcept/tntconcept-core,test,systems/TNTConcept/TNTConcept/tntconcept-core/src/test/java,systems/TNTConcept/TNTConcept/tntconcept-core/src/test/java/com/autentia/tnt/dao/hibernate/IVATypeDAO_IT.java,com.autentia.tnt.dao.hibernate,IVATypeDAO_IT,class,test,90,66,10,9,9,5,4,False,False,,Test|Test|Test|Test|Test|Test|Test
TNTConcept,TNTConcept/tntconcept-core,test,systems/TNTConcept/TNTConcept/tntconcept-core/src/test/java,systems/TNTConcept/TNTConcept/tntconcept-core/src/test/java/com/autentia/tnt/dao/hibernate/LinkDAO_IT.java,com.autentia.tnt.dao.hibernate,LinkDAO_IT,class,test,109,79,12,11,10,6,4,False,False,,Test|Test|Test|Test|Test|Test|Test|Test|Test
TNTConcept,TNTConcept/tntconcept-core,test,systems/TNTConcept/TNTConcept/tntconcept-core/src/test/java,systems/TNTConcept/TNTConcept/tntconcept-core/src/test/java/com/autentia/tnt/dao/hibernate/MagazineDAO_IT.java,com.autentia.tnt.dao.hibernate,MagazineDAO_IT,class,test,107,79,12,11,10,6,4,False,False,,Test|Test|Test|Test|Test|Test|Test|Test|Test
TNTConcept,TNTConcept/tntconcept-core,test,systems/TNTConcept/TNTConcept/tntconcept-core/src/test/java,systems/TNTConcept/TNTConcept/tntconcept-core/src/test/java/com/autentia/tnt/dao/hibernate/ObjectiveDAO_IT.java,com.autentia.tnt.dao.hibernate,ObjectiveDAO_IT,class,test,120,91,12,11,15,9,6,False,False,,Test|Test|Test|Test|Test|Test|Test|Test|Test
TNTConcept,TNTConcept/tntconcept-core,test,systems/TNTConcept/TNTConcept/tntconcept-core/src/test/java,systems/TNTConcept/TNTConcept/tntconcept-core/src/test/java/com/autentia/tnt/dao/hibernate/OccupationDAO_IT.java,com.autentia.tnt.dao.hibernate,OccupationDAO_IT,class,test,122,92,12,11,14,8,6,False,False,,Test|Test|Test|Test|Test|Test|Test|Test|Test
TNTConcept,TNTConcept/tntconcept-core,test,systems/TNTConcept/TNTConcept/tntconcept-core/src/test/java,systems/TNTConcept/TNTConcept/tntconcept-core/src/test/java/com/autentia/tnt/dao/hibernate/OfferCostDAO_IT.java,com.autentia.tnt.dao.hibernate,OfferCostDAO_IT,class,test,115,87,12,11,11,6,5,False,False,,Test|Test|Test|Test|Test|Test|Test|Test|Test
TNTConcept,TNTConcept/tntconcept-core,test,systems/TNTConcept/TNTConcept/tntconcept-core/src/test/java,systems/TNTConcept/TNTConcept/tntconcept-core/src/test/java/com/autentia/tnt/dao/hibernate/OfferDAO_IT.java,com.autentia.tnt.dao.hibernate,OfferDAO_IT,class,test,132,101,12,11,16,10,6,False,False,,Test|Test|Test|Test|Test|Test|Test|Test|Test
TNTConcept,TNTConcept/tntconcept-core,test,systems/TNTConcept/TNTConcept/tntconcept-core/src/test/java,systems/TNTConcept/TNTConcept/tntconcept-core/src/test/java/com/autentia/tnt/dao/hibernate/OfferRejectReasonDAO_IT.java,com.autentia.tnt.dao.hibernate,OfferRejectReasonDAO_IT,class,test,108,79,12,11,10,6,4,False,False,,Test|Test|Test|Test|Test|Test|Test|Test|Test
TNTConcept,TNTConcept/tntconcept-core,test,systems/TNTConcept/TNTConcept/tntconcept-core/src/test/java,systems/TNTConcept/TNTConcept/tntconcept-core/src/test/java/com/autentia/tnt/dao/hibernate/OfferRoleDAO_IT.java,com.autentia.tnt.dao.hibernate,OfferRoleDAO_IT,class,test,118,87,12,11,12,6,6,False,False,,Test|Test|Test|Test|Test|Test|Test|Test|Test
TNTConcept,TNTConcept/tntconcept-core,test,systems/TNTConcept/TNTConcept/tntconcept-core/src/test/java,systems/TNTConcept/TNTConcept/tntconcept-core/src/test/java/com/autentia/tnt/dao/hibernate/OrganizationDAO_IT.java,com.autentia.tnt.dao.hibernate,OrganizationDAO_IT,class,test,154,122,13,12,12,7,5,False,False,,Test|Test|Test|Test|Test|Test|Test|Test|Test|Test
TNTConcept,TNTConcept/tntconcept-core,test,systems/TNTConcept/TNTConcept/tntconcept-core/src/test/java,systems/TNTConcept/TNTConcept/tntconcept-core/src/test/java/com/autentia/tnt/dao/hibernate/OrganizationDocCategoryDAO_IT.java,com.autentia.tnt.dao.hibernate,OrganizationDocCategoryDAO_IT,class,test,104,78,11,10,10,5,5,False,False,,Test|Test|Test|Test|Test|Test|Test|Test
TNTConcept,TNTConcept/tntconcept-core,test,systems/TNTConcept/TNTConcept/tntconcept-core/src/test/java,systems/TNTConcept/TNTConcept/tntconcept-core/src/test/java/com/autentia/tnt/dao/hibernate/OrganizationISOCategoryDAO_IT.java,com.autentia.tnt.dao.hibernate,OrganizationISOCategoryDAO_IT,class,test,108,77,11,10,10,5,5,False,False,,NotNull|Test|Test|Test|Test|Test|Test|Test|Test
TNTConcept,TNTConcept/tntconcept-core,test,systems/TNTConcept/TNTConcept/tntconcept-core/src/test/java,systems/TNTConcept/TNTConcept/tntconcept-core/src/test/java/com/autentia/tnt/dao/hibernate/OrganizationTypeDAO_IT.java,com.autentia.tnt.dao.hibernate,OrganizationTypeDAO_IT,class,test,108,77,11,10,10,5,5,False,False,,NotNull|Test|Test|Test|Test|Test|Test|Test|Test
TNTConcept,TNTConcept/tntconcept-core,test,systems/TNTConcept/TNTConcept/tntconcept-core/src/test/java,systems/TNTConcept/TNTConcept/tntconcept-core/src/test/java/com/autentia/tnt/dao/hibernate/PeriodicalAccountEntryDAO_IT.java,com.autentia.tnt.dao.hibernate,PeriodicalAccountEntryDAO_IT,class,test,130,98,11,10,15,8,7,False,False,,NotNull|Test|Test|Test|Test|Test|Test|Test|Test
TNTConcept,TNTConcept/tntconcept-core,test,systems/TNTConcept/TNTConcept/tntconcept-core/src/test/java,systems/TNTConcept/TNTConcept/tntconcept-core/src/test/java/com/autentia/tnt/dao/hibernate/PositionDAO_IT.java,com.autentia.tnt.dao.hibernate,PositionDAO_IT,class,test,114,83,11,10,10,5,5,False,False,,NotNull|Test|Test|Test|Test|Test|Test|Test|Test
TNTConcept,TNTConcept/tntconcept-core,test,systems/TNTConcept/TNTConcept/tntconcept-core/src/test/java,systems/TNTConcept/TNTConcept/tntconcept-core/src/test/java/com/autentia/tnt/dao/hibernate/ProjectCostDAO_IT.java,com.autentia.tnt.dao.hibernate,ProjectCostDAO_IT,class,test,119,88,11,10,12,6,6,False,False,,Test|Test|Test|Test|Test|Test|Test|Test
TNTConcept,TNTConcept/tntconcept-core,test,systems/TNTConcept/TNTConcept/tntconcept-core/src/test/java,systems/TNTConcept/TNTConcept/tntconcept-core/src/test/java/com/autentia/tnt/dao/hibernate/ProjectDAO_IT.java,com.autentia.tnt.dao.hibernate,ProjectDAO_IT,class,test,118,86,11,10,12,7,5,False,False,,Test|Test|Test|Test|Test|Test|Test|Test
TNTConcept,TNTConcept/tntconcept-core,test,systems/TNTConcept/TNTConcept/tntconcept-core/src/test/java,systems/TNTConcept/TNTConcept/tntconcept-core/src/test/java/com/autentia/tnt/dao/hibernate/ProjectRoleDAO_IT.java,com.autentia.tnt.dao.hibernate,ProjectRoleDAO_IT,class,test,123,94,12,11,14,8,6,False,False,,Test|Test|Test|Test|Test|Test|Test|Test|Test
TNTConcept,TNTConcept/tntconcept-core,test,systems/TNTConcept/TNTConcept/tntconcept-core/src/test/java,systems/TNTConcept/TNTConcept/tntconcept-core/src/test/java/com/autentia/tnt/dao/hibernate/ProvinceDAO_IT.java,com.autentia.tnt.dao.hibernate,ProvinceDAO_IT,class,test,108,80,12,11,10,5,5,False,False,,Test|Test|Test|Test|Test|Test|Test|Test|Test
TNTConcept,TNTConcept/tntconcept-core,test,systems/TNTConcept/TNTConcept/tntconcept-core/src/test/java,systems/TNTConcept/TNTConcept/tntconcept-core/src/test/java/com/autentia/tnt/dao/hibernate/PublicationDAO_IT.java,com.autentia.tnt.dao.hibernate,PublicationDAO_IT,class,test,112,83,12,11,10,6,4,False,False,,Test|Test|Test|Test|Test|Test|Test|Test|Test
TNTConcept,TNTConcept/tntconcept-core,test,systems/TNTConcept/TNTConcept/tntconcept-core/src/test/java,systems/TNTConcept/TNTConcept/tntconcept-core/src/test/java/com/autentia/tnt/dao/hibernate/RectifiedBillCategoryDAO_IT.java,com.autentia.tnt.dao.hibernate,RectifiedBillCategoryDAO_IT,class,test,98,73,11,10,9,4,5,False,False,,Test|Test|Test|Test|Test|Test|Test|Test
TNTConcept,TNTConcept/tntconcept-core,test,systems/TNTConcept/TNTConcept/tntconcept-core/src/test/java,systems/TNTConcept/TNTConcept/tntconcept-core/src/test/java/com/autentia/tnt/dao/hibernate/RequestHolidayDAO_IT.java,com.autentia.tnt.dao.hibernate,RequestHolidayDAO_IT,class,test,124,92,12,11,14,7,7,False,False,,Test|Test|Test|Test|Test|Test|Test|Test|Test
TNTConcept,TNTConcept/tntconcept-core,test,systems/TNTConcept/TNTConcept/tntconcept-core/src/test/java,systems/TNTConcept/TNTConcept/tntconcept-core/src/test/java/com/autentia/tnt/dao/hibernate/RoleDAO_IT.java,com.autentia.tnt.dao.hibernate,RoleDAO_IT,class,test,107,79,12,11,10,5,5,False,False,,Test|Test|Test|Test|Test|Test|Test|Test|Test
TNTConcept,TNTConcept/tntconcept-core,test,systems/TNTConcept/TNTConcept/tntconcept-core/src/test/java,systems/TNTConcept/TNTConcept/tntconcept-core/src/test/java/com/autentia/tnt/dao/hibernate/SettingDAO_IT.java,com.autentia.tnt.dao.hibernate,SettingDAO_IT,class,test,111,80,11,10,10,6,4,False,False,,Test|Test|Test|Test|Test|Test|Test|Test
TNTConcept,TNTConcept/tntconcept-core,test,systems/TNTConcept/TNTConcept/tntconcept-core/src/test/java,systems/TNTConcept/TNTConcept/tntconcept-core/src/test/java/com/autentia/tnt/dao/hibernate/TagDAO_IT.java,com.autentia.tnt.dao.hibernate,TagDAO_IT,class,test,109,78,11,10,9,5,4,False,False,,Test|Test|Test|Test|Test|Test|Test|Test
TNTConcept,TNTConcept/tntconcept-core,test,systems/TNTConcept/TNTConcept/tntconcept-core/src/test/java,systems/TNTConcept/TNTConcept/tntconcept-core/src/test/java/com/autentia/tnt/dao/hibernate/TutorialDAO_IT.java,com.autentia.tnt.dao.hibernate,TutorialDAO_IT,class,test,127,93,12,11,11,6,5,False,False,,Test|Test|Test|Test|Test|Test|Test|Test|Test
TNTConcept,TNTConcept/tntconcept-core,test,systems/TNTConcept/TNTConcept/tntconcept-core/src/test/java,systems/TNTConcept/TNTConcept/tntconcept-core/src/test/java/com/autentia/tnt/dao/hibernate/UserCategoryDAO_IT.java,com.autentia.tnt.dao.hibernate,UserCategoryDAO_IT,class,test,108,76,11,10,10,5,5,False,False,,NotNull|Test|Test|Test|Test|Test|Test|Test|Test
TNTConcept,TNTConcept/tntconcept-core,test,systems/TNTConcept/TNTConcept/tntconcept-core/src/test/java,systems/TNTConcept/TNTConcept/tntconcept-core/src/test/java/com/autentia/tnt/dao/hibernate/UserDAO_IT.java,com.autentia.tnt.dao.hibernate,UserDAO_IT,class,test,152,113,13,12,13,9,4,False,False,,Test|Test|Test|Test|Test|Test|Test|Test|Test|Test
TNTConcept,TNTConcept/tntconcept-core,test,systems/TNTConcept/TNTConcept/tntconcept-core/src/test/java,systems/TNTConcept/TNTConcept/tntconcept-core/src/test/java/com/autentia/tnt/dao/hibernate/WorkingAgreementDAO_IT.java,com.autentia.tnt.dao.hibernate,WorkingAgreementDAO_IT,class,test,108,76,11,11,9,5,4,False,False,,Test|Test|Test|Test|Test|Test|Test|Test|Test
TNTConcept,TNTConcept/tntconcept-core,test,systems/TNTConcept/TNTConcept/tntconcept-core/src/test/java,systems/TNTConcept/TNTConcept/tntconcept-core/src/test/java/com/autentia/tnt/mail/DefaultMailServiceIT.java,com.autentia.tnt.mail,DefaultMailServiceIT,class,test,87,61,7,6,10,0,10,False,False,,Test|Test|Test|Test|Test|Test|Ignore
TNTConcept,TNTConcept/tntconcept-core,test,systems/TNTConcept/TNTConcept/tntconcept-core/src/test/java,systems/TNTConcept/TNTConcept/tntconcept-core/src/test/java/com/autentia/tnt/manager/activity/ActivityManagerTest.java,com.autentia.tnt.manager.activity,ActivityManagerTest,class,test,61,47,2,2,12,4,8,False,False,,Before|Test
TNTConcept,TNTConcept/tntconcept-core,test,systems/TNTConcept/TNTConcept/tntconcept-core/src/test/java,systems/TNTConcept/TNTConcept/tntconcept-core/src/test/java/com/autentia/tnt/manager/bill/BillManagerTest.java,com.autentia.tnt.manager.bill,BillManagerTest,class,test,141,111,11,4,10,3,7,False,False,,Test|Test|Test|Test
TNTConcept,TNTConcept/tntconcept-core,test,systems/TNTConcept/TNTConcept/tntconcept-core/src/test/java,systems/TNTConcept/TNTConcept/tntconcept-core/src/test/java/com/autentia/tnt/manager/holiday/UserHolidaysStateManagerTest.java,com.autentia.tnt.manager.holiday,UserHolidaysStateManagerTest,class,test,279,224,16,12,16,7,9,False,False,,Before|Test|Test|Test|Test|Test|Test|Test|Test|Test|Test
TNTConcept,TNTConcept/tntconcept-core,test,systems/TNTConcept/TNTConcept/tntconcept-core/src/test/java,systems/TNTConcept/TNTConcept/tntconcept-core/src/test/java/com/autentia/tnt/manager/offer/OfferManagerTest.java,com.autentia.tnt.manager.offer,OfferManagerTest,class,test,187,141,10,2,21,14,7,False,False,,Test|Test
TNTConcept,TNTConcept/tntconcept-core,test,systems/TNTConcept/TNTConcept/tntconcept-core/src/test/java,systems/TNTConcept/TNTConcept/tntconcept-core/src/test/java/com/autentia/tnt/manager/security/AuthenticationManagerDaoImplTest.java,com.autentia.tnt.manager.security,AuthenticationManagerDaoImplTest,class,test,76,44,5,5,9,2,7,False,False,,Before|Test|Test|Test|Test
TNTConcept,TNTConcept/tntconcept-core,test,systems/TNTConcept/TNTConcept/tntconcept-core/src/test/java,systems/TNTConcept/TNTConcept/tntconcept-core/src/test/java/com/autentia/tnt/manager/security/AuthenticationManagerImplTest.java,com.autentia.tnt.manager.security,AuthenticationManagerImplTest,class,test,105,73,9,9,9,1,8,False,False,,Before|Test|Test|Test|Test|Test|Test|Test|Test
TNTConcept,TNTConcept/tntconcept-core,test,systems/TNTConcept/TNTConcept/tntconcept-core/src/test/java,systems/TNTConcept/TNTConcept/tntconcept-core/src/test/java/com/autentia/tnt/manager/security/AuthenticationManagerLdapImplTest.java,com.autentia.tnt.manager.security,AuthenticationManagerLdapImplTest,class,test,155,99,8,6,12,3,9,False,False,,Before|Test|Test|Test|Test|Test
TNTConcept,TNTConcept/tntconcept-core,test,systems/TNTConcept/TNTConcept/tntconcept-core/src/test/java,systems/TNTConcept/TNTConcept/tntconcept-core/src/test/java/com/autentia/tnt/manager/security/AuthenticationManagerLdapTemplateTest.java,com.autentia.tnt.manager.security,AuthenticationManagerLdapTemplateTest,class,test,133,97,4,4,16,3,13,False,False,,Before|Test|Test|Test
TNTConcept,TNTConcept/tntconcept-core,test,systems/TNTConcept/TNTConcept/tntconcept-core/src/test/java,systems/TNTConcept/TNTConcept/tntconcept-core/src/test/java/com/autentia/tnt/manager/security/LdapConnectionIT.java,com.autentia.tnt.manager.security,LdapConnectionIT,class,test,110,73,1,1,15,0,15,False,False,,Before|Test|Ignore|Test|Ignore|Test|Ignore
TNTConcept,TNTConcept/tntconcept-core,test,systems/TNTConcept/TNTConcept/tntconcept-core/src/test/java,systems/TNTConcept/TNTConcept/tntconcept-core/src/test/java/com/autentia/tnt/manager/security/LdapCustomAuthenticationProviderIT.java,com.autentia.tnt.manager.security,LdapCustomAuthenticationProviderIT,class,test,62,40,3,3,10,1,9,False,False,,Before|Test|Ignore|Test|Ignore
TNTConcept,TNTConcept/tntconcept-core,test,systems/TNTConcept/TNTConcept/tntconcept-core/src/test/java,systems/TNTConcept/TNTConcept/tntconcept-core/src/test/java/com/autentia/tnt/manager/security/LdapCustomAuthenticationProviderTest.java,com.autentia.tnt.manager.security,LdapCustomAuthenticationProviderTest,class,test,173,124,8,7,16,2,14,False,False,,Before|Test|Test|Test|Test|Test|Test
TNTConcept,TNTConcept/tntconcept-core,test,systems/TNTConcept/TNTConcept/tntconcept-core/src/test/java,systems/TNTConcept/TNTConcept/tntconcept-core/src/test/java/com/autentia/tnt/test/utils/AccountEntryGroupForTesting.java,com.autentia.tnt.test.utils,AccountEntryGroupForTesting,class,test,10,8,1,1,1,1,0,False,False,,Override
TNTConcept,TNTConcept/tntconcept-core,test,systems/TNTConcept/TNTConcept/tntconcept-core/src/test/java,systems/TNTConcept/TNTConcept/tntconcept-core/src/test/java/com/autentia/tnt/test/utils/AccountEntryTypeForTesting.java,com.autentia.tnt.test.utils,AccountEntryTypeForTesting,class,test,10,8,1,1,1,1,0,False,False,,Override
TNTConcept,TNTConcept/tntconcept-core,test,systems/TNTConcept/TNTConcept/tntconcept-core/src/test/java,systems/TNTConcept/TNTConcept/tntconcept-core/src/test/java/com/autentia/tnt/test/utils/AccountForTesting.java,com.autentia.tnt.test.utils,AccountForTesting,class,test,10,8,1,1,1,1,0,False,False,,Override
TNTConcept,TNTConcept/tntconcept-core,test,systems/TNTConcept/TNTConcept/tntconcept-core/src/test/java,systems/TNTConcept/TNTConcept/tntconcept-core/src/test/java/com/autentia/tnt/test/utils/AccountTypeForTesting.java,com.autentia.tnt.test.utils,AccountTypeForTesting,class,test,10,8,1,1,1,1,0,False,False,,Override
TNTConcept,TNTConcept/tntconcept-core,test,systems/TNTConcept/TNTConcept/tntconcept-core/src/test/java,systems/TNTConcept/TNTConcept/tntconcept-core/src/test/java/com/autentia/tnt/test/utils/BillForTesting.java,com.autentia.tnt.test.utils,BillForTesting,class,test,10,8,1,1,1,1,0,False,False,,Override
TNTConcept,TNTConcept/tntconcept-core,test,systems/TNTConcept/TNTConcept/tntconcept-core/src/test/java,systems/TNTConcept/TNTConcept/tntconcept-core/src/test/java/com/autentia/tnt/test/utils/BulletinBoardCategoryForTesting.java,com.autentia.tnt.test.utils,BulletinBoardCategoryForTesting,class,test,11,8,1,1,1,1,0,False,False,,Override
TNTConcept,TNTConcept/tntconcept-core,test,systems/TNTConcept/TNTConcept/tntconcept-core/src/test/java,systems/TNTConcept/TNTConcept/tntconcept-core/src/test/java/com/autentia/tnt/test/utils/ConfigurationUtilForTesting.java,com.autentia.tnt.test.utils,ConfigurationUtilForTesting,class,test,481,248,61,60,9,2,7,False,False,,
TNTConcept,TNTConcept/tntconcept-core,test,systems/TNTConcept/TNTConcept/tntconcept-core/src/test/java,systems/TNTConcept/TNTConcept/tntconcept-core/src/test/java/com/autentia/tnt/test/utils/ContactForTesting.java,com.autentia.tnt.test.utils,ContactForTesting,class,test,10,8,1,1,1,1,0,False,False,,Override
TNTConcept,TNTConcept/tntconcept-core,test,systems/TNTConcept/TNTConcept/tntconcept-core/src/test/java,systems/TNTConcept/TNTConcept/tntconcept-core/src/test/java/com/autentia/tnt/test/utils/DateMother.java,com.autentia.tnt.test.utils,DateMother,class,test,20,15,2,2,2,0,2,False,False,,
TNTConcept,TNTConcept/tntconcept-core,test,systems/TNTConcept/TNTConcept/tntconcept-core/src/test/java,systems/TNTConcept/TNTConcept/tntconcept-core/src/test/java/com/autentia/tnt/test/utils/DateUtilsTest.java,com.autentia.tnt.test.utils,DateUtilsTest,class,test,65,45,4,4,6,1,5,False,False,,Test|Test|Test|Test
TNTConcept,TNTConcept/tntconcept-core,test,systems/TNTConcept/TNTConcept/tntconcept-core/src/test/java,systems/TNTConcept/TNTConcept/tntconcept-core/src/test/java/com/autentia/tnt/test/utils/DocumentForTesting.java,com.autentia.tnt.test.utils,DocumentForTesting,class,test,10,8,1,1,1,1,0,False,False,,Override
TNTConcept,TNTConcept/tntconcept-core,test,systems/TNTConcept/TNTConcept/tntconcept-core/src/test/java,systems/TNTConcept/TNTConcept/tntconcept-core/src/test/java/com/autentia/tnt/test/utils/IntegrationTest.java,com.autentia.tnt.test.utils,IntegrationTest,class,test,88,70,3,3,22,4,18,False,False,,BeforeClass|Before|After
TNTConcept,TNTConcept/tntconcept-core,test,systems/TNTConcept/TNTConcept/tntconcept-core/src/test/java,systems/TNTConcept/TNTConcept/tntconcept-core/src/test/java/com/autentia/tnt/test/utils/InteractionTypeForTesting.java,com.autentia.tnt.test.utils,InteractionTypeForTesting,class,test,10,8,1,1,1,1,0,False,False,,Override
TNTConcept,TNTConcept/tntconcept-core,test,systems/TNTConcept/TNTConcept/tntconcept-core/src/test/java,systems/TNTConcept/TNTConcept/tntconcept-core/src/test/java/com/autentia/tnt/test/utils/MagazineForTesting.java,com.autentia.tnt.test.utils,MagazineForTesting,class,test,10,8,1,1,1,1,0,False,False,,Override
TNTConcept,TNTConcept/tntconcept-core,test,systems/TNTConcept/TNTConcept/tntconcept-core/src/test/java,systems/TNTConcept/TNTConcept/tntconcept-core/src/test/java/com/autentia/tnt/test/utils/OrganizationISOCategoryForTesting.java,com.autentia.tnt.test.utils,OrganizationISOCategoryForTesting,class,test,10,8,1,1,1,1,0,False,False,,Override
TNTConcept,TNTConcept/tntconcept-core,test,systems/TNTConcept/TNTConcept/tntconcept-core/src/test/java,systems/TNTConcept/TNTConcept/tntconcept-core/src/test/java/com/autentia/tnt/test/utils/OrganizationTypeForTesting.java,com.autentia.tnt.test.utils,OrganizationTypeForTesting,class,test,10,8,1,1,1,1,0,False,False,,Override
TNTConcept,TNTConcept/tntconcept-core,test,systems/TNTConcept/TNTConcept/tntconcept-core/src/test/java,systems/TNTConcept/TNTConcept/tntconcept-core/src/test/java/com/autentia/tnt/test/utils/ProjectRoleForTesting.java,com.autentia.tnt.test.utils,ProjectRoleForTesting,class,test,10,8,1,1,1,1,0,False,False,,Override
TNTConcept,TNTConcept/tntconcept-core,test,systems/TNTConcept/TNTConcept/tntconcept-core/src/test/java,systems/TNTConcept/TNTConcept/tntconcept-core/src/test/java/com/autentia/tnt/test/utils/SpringUtilsForTesting.java,com.autentia.tnt.test.utils,SpringUtilsForTesting,class,test,143,101,8,4,12,7,5,False,False,,
TNTConcept,TNTConcept/tntconcept-core,test,systems/TNTConcept/TNTConcept/tntconcept-core/src/test/java,systems/TNTConcept/TNTConcept/tntconcept-core/src/test/java/com/autentia/tnt/test/utils/UserForTesting.java,com.autentia.tnt.test.utils,UserForTesting,class,test,13,9,1,1,1,1,0,False,False,,Override
TNTConcept,TNTConcept/tntconcept-core,test,systems/TNTConcept/TNTConcept/tntconcept-core/src/test/java,systems/TNTConcept/TNTConcept/tntconcept-core/src/test/java/com/autentia/tnt/upload/impl/ActivityImageUploaderTest.java,com.autentia.tnt.upload.impl,ActivityImageUploaderTest,class,test,40,31,2,2,11,2,9,False,False,,BeforeClass|Test
TNTConcept,TNTConcept/tntconcept-core,test,systems/TNTConcept/TNTConcept/tntconcept-core/src/test/java,systems/TNTConcept/TNTConcept/tntconcept-core/src/test/java/com/autentia/tnt/util/IvaApplicatorTest.java,com.autentia.tnt.util,IvaApplicatorTest,class,test,81,59,7,7,10,3,7,False,False,,Before|Test|Test|Test|Test|Override
TNTConcept,TNTConcept/tntconcept-web,main,systems/TNTConcept/TNTConcept/tntconcept-web/src/main/java,systems/TNTConcept/TNTConcept/tntconcept-web/src/main/java/com/autentia/jsf/component/AbcPager.java,com.autentia.jsf.component,AbcPager,class,other,265,203,25,22,17,0,17,False,False,,
TNTConcept,TNTConcept/tntconcept-web,main,systems/TNTConcept/TNTConcept/tntconcept-web/src/main/java,systems/TNTConcept/TNTConcept/tntconcept-web/src/main/java/com/autentia/jsf/component/html/HtmlAbcPager.java,com.autentia.jsf.component.html,HtmlAbcPager,class,other,96,62,10,10,8,2,6,False,False,,
TNTConcept,TNTConcept/tntconcept-web,main,systems/TNTConcept/TNTConcept/tntconcept-web/src/main/java,systems/TNTConcept/TNTConcept/tntconcept-web/src/main/java/com/autentia/jsf/component/ocupation/HtmlOcupationCalendar.java,com.autentia.jsf.component.ocupation,HtmlOcupationCalendar,class,other,253,142,22,22,5,0,5,False,False,,Override|Override|Override
TNTConcept,TNTConcept/tntconcept-web,main,systems/TNTConcept/TNTConcept/tntconcept-web/src/main/java,systems/TNTConcept/TNTConcept/tntconcept-web/src/main/java/com/autentia/jsf/component/ocupation/HtmlOcupationCalendarRenderer.java,com.autentia.jsf.component.ocupation,HtmlOcupationCalendarRenderer,class,other,388,264,14,7,28,0,28,False,False,,Override
TNTConcept,TNTConcept/tntconcept-web,main,systems/TNTConcept/TNTConcept/tntconcept-web/src/main/java,systems/TNTConcept/TNTConcept/tntconcept-web/src/main/java/com/autentia/jsf/component/ocupation/HtmlOcupationCalendarTag.java,com.autentia.jsf.component.ocupation,HtmlOcupationCalendarTag,class,other,158,80,12,11,5,0,5,False,False,,Override|Override|Override|Override
TNTConcept,TNTConcept/tntconcept-web,main,systems/TNTConcept/TNTConcept/tntconcept-web/src/main/java,systems/TNTConcept/TNTConcept/tntconcept-web/src/main/java/com/autentia/jsf/component/ocupation/OcupationEntry.java,com.autentia.jsf.component.ocupation,OcupationEntry,interface,other,83,12,0,0,1,0,1,False,False,,
TNTConcept,TNTConcept/tntconcept-web,main,systems/TNTConcept/TNTConcept/tntconcept-web/src/main/java,systems/TNTConcept/TNTConcept/tntconcept-web/src/main/java/com/autentia/jsf/component/ocupation/OcupationModel.java,com.autentia.jsf.component.ocupation,OcupationModel,class,other,106,55,6,5,6,0,6,False,False,,
TNTConcept,TNTConcept/tntconcept-web,main,systems/TNTConcept/TNTConcept/tntconcept-web/src/main/java,systems/TNTConcept/TNTConcept/tntconcept-web/src/main/java/com/autentia/jsf/renderer/html/HtmlAbcPagerRenderer.java,com.autentia.jsf.renderer.html,HtmlAbcPagerRenderer,class,other,111,72,1,1,11,3,8,False,False,,
TNTConcept,TNTConcept/tntconcept-web,main,systems/TNTConcept/TNTConcept/tntconcept-web/src/main/java,systems/TNTConcept/TNTConcept/tntconcept-web/src/main/java/com/autentia/jsf/tag/AbcPagerTag.java,com.autentia.jsf.tag,AbcPagerTag,class,other,89,57,7,6,6,2,4,False,False,,
TNTConcept,TNTConcept/tntconcept-web,main,systems/TNTConcept/TNTConcept/tntconcept-web/src/main/java,systems/TNTConcept/TNTConcept/tntconcept-web/src/main/java/com/autentia/jsf/tag/BaseTag.java,com.autentia.jsf.tag,BaseTag,class,other,40,14,2,1,2,0,2,False,False,,
TNTConcept,TNTConcept/tntconcept-web,main,systems/TNTConcept/TNTConcept/tntconcept-web/src/main/java,systems/TNTConcept/TNTConcept/tntconcept-web/src/main/java/com/autentia/jsf/tag/html/HtmlAbcPagerTag.java,com.autentia.jsf.tag.html,HtmlAbcPagerTag,class,other,85,48,7,6,11,3,8,False,False,,
TNTConcept,TNTConcept/tntconcept-web,main,systems/TNTConcept/TNTConcept/tntconcept-web/src/main/java,systems/TNTConcept/TNTConcept/tntconcept-web/src/main/java/com/autentia/jsf/util/HtmlUtil.java,com.autentia.jsf.util,HtmlUtil,class,utility,52,21,1,1,0,0,0,False,False,,
TNTConcept,TNTConcept/tntconcept-web,main,systems/TNTConcept/TNTConcept/tntconcept-web/src/main/java,systems/TNTConcept/TNTConcept/tntconcept-web/src/main/java/com/autentia/tnt/bean/AbstractPasswordBean.java,com.autentia.tnt.bean,AbstractPasswordBean,class,other,151,86,9,7,11,5,6,False,False,,
TNTConcept,TNTConcept/tntconcept-web,main,systems/TNTConcept/TNTConcept/tntconcept-web/src/main/java,systems/TNTConcept/TNTConcept/tntconcept-web/src/main/java/com/autentia/tnt/bean/account/AccountBean.java,com.autentia.tnt.bean.account,AccountBean,class,other,582,364,76,76,22,13,9,False,False,,
TNTConcept,TNTConcept/tntconcept-web,main,systems/TNTConcept/TNTConcept/tntconcept-web/src/main/java,systems/TNTConcept/TNTConcept/tntconcept-web/src/main/java/com/autentia/tnt/bean/account/AccountEntryBean.java,com.autentia.tnt.bean.account,AccountEntryBean,class,other,920,622,118,117,36,20,16,False,False,,
TNTConcept,TNTConcept/tntconcept-web,main,systems/TNTConcept/TNTConcept/tntconcept-web/src/main/java,systems/TNTConcept/TNTConcept/tntconcept-web/src/main/java/com/autentia/tnt/bean/account/AccountEntryTypeBean.java,com.autentia.tnt.bean.account,AccountEntryTypeBean,class,other,661,408,84,84,22,13,9,False,False,,
TNTConcept,TNTConcept/tntconcept-web,main,systems/TNTConcept/TNTConcept/tntconcept-web/src/main/java,systems/TNTConcept/TNTConcept/tntconcept-web/src/main/java/com/autentia/tnt/bean/account/GenericNOF.java,com.autentia.tnt.bean.account,GenericNOF,class,other,109,84,22,22,4,2,2,False,False,,
TNTConcept,TNTConcept/tntconcept-web,main,systems/TNTConcept/TNTConcept/tntconcept-web/src/main/java,systems/TNTConcept/TNTConcept/tntconcept-web/src/main/java/com/autentia/tnt/bean/account/NOFBean.java,com.autentia.tnt.bean.account,NOFBean,class,other,509,294,32,28,27,19,8,False,False,,
TNTConcept,TNTConcept/tntconcept-web,main,systems/TNTConcept/TNTConcept/tntconcept-web/src/main/java,systems/TNTConcept/TNTConcept/tntconcept-web/src/main/java/com/autentia/tnt/bean/account/NOFType.java,com.autentia.tnt.bean.account,NOFType,enum,other,22,4,0,0,0,0,0,False,False,,
TNTConcept,TNTConcept/tntconcept-web,main,systems/TNTConcept/TNTConcept/tntconcept-web/src/main/java,systems/TNTConcept/TNTConcept/tntconcept-web/src/main/java/com/autentia/tnt/bean/account/PeriodicalAccountEntryBean.java,com.autentia.tnt.bean.account,PeriodicalAccountEntryBean,class,other,940,666,101,101,34,19,15,False,False,,
TNTConcept,TNTConcept/tntconcept-web,main,systems/TNTConcept/TNTConcept/tntconcept-web/src/main/java,systems/TNTConcept/TNTConcept/tntconcept-web/src/main/java/com/autentia/tnt/bean/activity/ActivityBean.java,com.autentia.tnt.bean.activity,ActivityBean,class,other,2155,1358,173,155,54,28,26,False,False,,Override
TNTConcept,TNTConcept/tntconcept-web,main,systems/TNTConcept/TNTConcept/tntconcept-web/src/main/java,systems/TNTConcept/TNTConcept/tntconcept-web/src/main/java/com/autentia/tnt/bean/activity/ActivityScheduleEntry.java,com.autentia.tnt.bean.activity,ActivityScheduleEntry,class,other,94,51,14,14,5,2,3,False,False,,
TNTConcept,TNTConcept/tntconcept-web,main,systems/TNTConcept/TNTConcept/tntconcept-web/src/main/java,systems/TNTConcept/TNTConcept/tntconcept-web/src/main/java/com/autentia/tnt/bean/activity/BitacoreTabChangeListener.java,com.autentia.tnt.bean.activity,BitacoreTabChangeListener,class,other,37,12,1,1,4,1,3,False,False,,
TNTConcept,TNTConcept/tntconcept-web,main,systems/TNTConcept/TNTConcept/tntconcept-web/src/main/java,systems/TNTConcept/TNTConcept/tntconcept-web/src/main/java/com/autentia/tnt/bean/activity/ExternalActivityBean.java,com.autentia.tnt.bean.activity,ExternalActivityBean,class,other,254,115,25,24,15,11,4,False,False,,
TNTConcept,TNTConcept/tntconcept-web,main,systems/TNTConcept/TNTConcept/tntconcept-web/src/main/java,systems/TNTConcept/TNTConcept/tntconcept-web/src/main/java/com/autentia/tnt/bean/activity/ExternalActivityScheduleEntry.java,com.autentia.tnt.bean.activity,ExternalActivityScheduleEntry,class,other,84,45,10,9,5,2,3,False,False,,
TNTConcept,TNTConcept/tntconcept-web,main,systems/TNTConcept/TNTConcept/tntconcept-web/src/main/java,systems/TNTConcept/TNTConcept/tntconcept-web/src/main/java/com/autentia/tnt/bean/activity/GlobalHoursReportBean.java,com.autentia.tnt.bean.activity,GlobalHoursReportBean,class,other,346,186,18,18,20,11,9,False,False,,
TNTConcept,TNTConcept/tntconcept-web,main,systems/TNTConcept/TNTConcept/tntconcept-web/src/main/java,systems/TNTConcept/TNTConcept/tntconcept-web/src/main/java/com/autentia/tnt/bean/activity/ObjectiveBean.java,com.autentia.tnt.bean.activity,ObjectiveBean,class,other,1094,689,118,116,20,13,7,False,False,,Override
TNTConcept,TNTConcept/tntconcept-web,main,systems/TNTConcept/TNTConcept/tntconcept-web/src/main/java,systems/TNTConcept/TNTConcept/tntconcept-web/src/main/java/com/autentia/tnt/bean/activity/OccupationBean.java,com.autentia.tnt.bean.activity,OccupationBean,class,other,825,532,106,106,27,18,9,False,False,,
TNTConcept,TNTConcept/tntconcept-web,main,systems/TNTConcept/TNTConcept/tntconcept-web/src/main/java,systems/TNTConcept/TNTConcept/tntconcept-web/src/main/java/com/autentia/tnt/bean/ActivityEvidenceNotificationBean.java,com.autentia.tnt.bean,ActivityEvidenceNotificationBean,class,other,135,111,8,3,19,9,10,False,False,,
TNTConcept,TNTConcept/tntconcept-web,main,systems/TNTConcept/TNTConcept/tntconcept-web/src/main/java,systems/TNTConcept/TNTConcept/tntconcept-web/src/main/java/com/autentia/tnt/bean/admin/ContractTypeBean.java,com.autentia.tnt.bean.admin,ContractTypeBean,class,other,509,305,63,63,18,11,7,False,False,,
TNTConcept,TNTConcept/tntconcept-web,main,systems/TNTConcept/TNTConcept/tntconcept-web/src/main/java,systems/TNTConcept/TNTConcept/tntconcept-web/src/main/java/com/autentia/tnt/bean/admin/DepartmentBean.java,com.autentia.tnt.bean.admin,DepartmentBean,class,other,708,453,89,89,29,17,12,False,False,,
TNTConcept,TNTConcept/tntconcept-web,main,systems/TNTConcept/TNTConcept/tntconcept-web/src/main/java,systems/TNTConcept/TNTConcept/tntconcept-web/src/main/java/com/autentia/tnt/bean/admin/GeneralSettingsBean.java,com.autentia.tnt.bean.admin,GeneralSettingsBean,class,other,280,168,32,31,10,6,4,False,False,,
TNTConcept,TNTConcept/tntconcept-web,main,systems/TNTConcept/TNTConcept/tntconcept-web/src/main/java,systems/TNTConcept/TNTConcept/tntconcept-web/src/main/java/com/autentia/tnt/bean/admin/IdeaBean.java,com.autentia.tnt.bean.admin,IdeaBean,class,other,641,409,86,86,16,10,6,False,False,,
TNTConcept,TNTConcept/tntconcept-web,main,systems/TNTConcept/TNTConcept/tntconcept-web/src/main/java,systems/TNTConcept/TNTConcept/tntconcept-web/src/main/java/com/autentia/tnt/bean/admin/InventaryBean.java,com.autentia.tnt.bean.admin,InventaryBean,class,other,976,662,149,149,14,9,5,False,False,,
TNTConcept,TNTConcept/tntconcept-web,main,systems/TNTConcept/TNTConcept/tntconcept-web/src/main/java,systems/TNTConcept/TNTConcept/tntconcept-web/src/main/java/com/autentia/tnt/bean/admin/ProjectBean.java,com.autentia.tnt.bean.admin,ProjectBean,class,other,1263,829,157,154,24,12,12,False,False,,
TNTConcept,TNTConcept/tntconcept-web,main,systems/TNTConcept/TNTConcept/tntconcept-web/src/main/java,systems/TNTConcept/TNTConcept/tntconcept-web/src/main/java/com/autentia/tnt/bean/admin/SettingBean.java,com.autentia.tnt.bean.admin,SettingBean,class,other,581,355,74,74,16,9,7,False,False,,
TNTConcept,TNTConcept/tntconcept-web,main,systems/TNTConcept/TNTConcept/tntconcept-web/src/main/java,systems/TNTConcept/TNTConcept/tntconcept-web/src/main/java/com/autentia/tnt/bean/admin/UserBean.java,com.autentia.tnt.bean.admin,UserBean,class,other,2065,1492,330,330,44,31,13,False,False,,
TNTConcept,TNTConcept/tntconcept-web,main,systems/TNTConcept/TNTConcept/tntconcept-web/src/main/java,systems/TNTConcept/TNTConcept/tntconcept-web/src/main/java/com/autentia/tnt/bean/admin/UserCategoryBean.java,com.autentia.tnt.bean.admin,UserCategoryBean,class,other,473,277,57,57,13,8,5,False,False,,
TNTConcept,TNTConcept/tntconcept-web,main,systems/TNTConcept/TNTConcept/tntconcept-web/src/main/java,systems/TNTConcept/TNTConcept/tntconcept-web/src/main/java/com/autentia/tnt/bean/admin/WorkingAgreementBean.java,com.autentia.tnt.bean.admin,WorkingAgreementBean,class,other,586,347,74,74,18,11,7,False,False,,
TNTConcept,TNTConcept/tntconcept-web,main,systems/TNTConcept/TNTConcept/tntconcept-web/src/main/java,systems/TNTConcept/TNTConcept/tntconcept-web/src/main/java/com/autentia/tnt/bean/ApplicationBean.java,com.autentia.tnt.bean,ApplicationBean,class,other,107,39,7,6,7,2,5,False,False,,
TNTConcept,TNTConcept/tntconcept-web,main,systems/TNTConcept/TNTConcept/tntconcept-web/src/main/java,systems/TNTConcept/TNTConcept/tntconcept-web/src/main/java/com/autentia/tnt/bean/BaseBean.java,com.autentia.tnt.bean,BaseBean,class,other,92,32,7,6,4,2,2,False,False,,
TNTConcept,TNTConcept/tntconcept-web,main,systems/TNTConcept/TNTConcept/tntconcept-web/src/main/java,systems/TNTConcept/TNTConcept/tntconcept-web/src/main/java/com/autentia/tnt/bean/billing/BillBean.java,com.autentia.tnt.bean.billing,BillBean,class,other,1836,1292,247,245,42,21,21,False,False,,
TNTConcept,TNTConcept/tntconcept-web,main,systems/TNTConcept/TNTConcept/tntconcept-web/src/main/java,systems/TNTConcept/TNTConcept/tntconcept-web/src/main/java/com/autentia/tnt/bean/billing/BillExpirationDateBean.java,com.autentia.tnt.bean.billing,BillExpirationDateBean,class,other,104,59,3,2,22,10,12,False,False,,
TNTConcept,TNTConcept/tntconcept-web,main,systems/TNTConcept/TNTConcept/tntconcept-web/src/main/java,systems/TNTConcept/TNTConcept/tntconcept-web/src/main/java/com/autentia/tnt/bean/billing/CreditTitleBean.java,com.autentia.tnt.bean.billing,CreditTitleBean,class,other,932,641,133,133,29,18,11,False,False,,
TNTConcept,TNTConcept/tntconcept-web,main,systems/TNTConcept/TNTConcept/tntconcept-web/src/main/java,systems/TNTConcept/TNTConcept/tntconcept-web/src/main/java/com/autentia/tnt/bean/billing/FinancialRatioBean.java,com.autentia.tnt.bean.billing,FinancialRatioBean,class,other,2686,1986,405,405,25,14,11,False,False,,
TNTConcept,TNTConcept/tntconcept-web,main,systems/TNTConcept/TNTConcept/tntconcept-web/src/main/java,systems/TNTConcept/TNTConcept/tntconcept-web/src/main/java/com/autentia/tnt/bean/billing/SiiBean.java,com.autentia.tnt.bean.billing,SiiBean,class,other,792,617,32,14,33,13,20,False,False,,
TNTConcept,TNTConcept/tntconcept-web,main,systems/TNTConcept/TNTConcept/tntconcept-web/src/main/java,systems/TNTConcept/TNTConcept/tntconcept-web/src/main/java/com/autentia/tnt/bean/book/BookBean.java,com.autentia.tnt.bean.book,BookBean,class,other,723,469,99,99,23,13,10,False,False,,
TNTConcept,TNTConcept/tntconcept-web,main,systems/TNTConcept/TNTConcept/tntconcept-web/src/main/java,systems/TNTConcept/TNTConcept/tntconcept-web/src/main/java/com/autentia/tnt/bean/bulletin/BulletinBoardBean.java,com.autentia.tnt.bean.bulletin,BulletinBoardBean,class,other,748,488,74,74,19,11,8,False,False,,
TNTConcept,TNTConcept/tntconcept-web,main,systems/TNTConcept/TNTConcept/tntconcept-web/src/main/java,systems/TNTConcept/TNTConcept/tntconcept-web/src/main/java/com/autentia/tnt/bean/bulletin/BulletinBoardCategoryBean.java,com.autentia.tnt.bean.bulletin,BulletinBoardCategoryBean,class,other,525,323,67,67,13,8,5,False,False,,
TNTConcept,TNTConcept/tntconcept-web,main,systems/TNTConcept/TNTConcept/tntconcept-web/src/main/java,systems/TNTConcept/TNTConcept/tntconcept-web/src/main/java/com/autentia/tnt/bean/bulletin/CompanyStateBean.java,com.autentia.tnt.bean.bulletin,CompanyStateBean,class,other,518,315,65,65,14,10,4,False,False,,
TNTConcept,TNTConcept/tntconcept-web,main,systems/TNTConcept/TNTConcept/tntconcept-web/src/main/java,systems/TNTConcept/TNTConcept/tntconcept-web/src/main/java/com/autentia/tnt/bean/ChangeListener.java,com.autentia.tnt.bean,ChangeListener,interface,other,23,5,0,0,0,0,0,False,False,,
TNTConcept,TNTConcept/tntconcept-web,main,systems/TNTConcept/TNTConcept/tntconcept-web/src/main/java,systems/TNTConcept/TNTConcept/tntconcept-web/src/main/java/com/autentia/tnt/bean/ChangePasswordBean.java,com.autentia.tnt.bean,ChangePasswordBean,class,other,30,8,1,1,0,0,0,False,False,,Override
TNTConcept,TNTConcept/tntconcept-web,main,systems/TNTConcept/TNTConcept/tntconcept-web/src/main/java,systems/TNTConcept/TNTConcept/tntconcept-web/src/main/java/com/autentia/tnt/bean/commissionings/CommissioningBean.java,com.autentia.tnt.bean.commissionings,CommissioningBean,class,other,2186,1581,284,271,54,35,19,False,False,,Override
TNTConcept,TNTConcept/tntconcept-web,main,systems/TNTConcept/TNTConcept/tntconcept-web/src/main/java,systems/TNTConcept/TNTConcept/tntconcept-web/src/main/java/com/autentia/tnt/bean/contacts/AdvancedSearchContactBean.java,com.autentia.tnt.bean.contacts,AdvancedSearchContactBean,class,other,285,219,38,37,18,13,5,False,False,,
TNTConcept,TNTConcept/tntconcept-web,main,systems/TNTConcept/TNTConcept/tntconcept-web/src/main/java,systems/TNTConcept/TNTConcept/tntconcept-web/src/main/java/com/autentia/tnt/bean/contacts/CollaboratorBean.java,com.autentia.tnt.bean.contacts,CollaboratorBean,class,other,602,388,72,72,24,17,7,False,False,,
TNTConcept,TNTConcept/tntconcept-web,main,systems/TNTConcept/TNTConcept/tntconcept-web/src/main/java,systems/TNTConcept/TNTConcept/tntconcept-web/src/main/java/com/autentia/tnt/bean/contacts/ContactBean.java,com.autentia.tnt.bean.contacts,ContactBean,class,other,1246,873,175,174,46,32,14,False,False,,
TNTConcept,TNTConcept/tntconcept-web,main,systems/TNTConcept/TNTConcept/tntconcept-web/src/main/java,systems/TNTConcept/TNTConcept/tntconcept-web/src/main/java/com/autentia/tnt/bean/contacts/InteractionBean.java,com.autentia.tnt.bean.contacts,InteractionBean,class,other,1022,663,121,121,41,28,13,False,False,,
TNTConcept,TNTConcept/tntconcept-web,main,systems/TNTConcept/TNTConcept/tntconcept-web/src/main/java,systems/TNTConcept/TNTConcept/tntconcept-web/src/main/java/com/autentia/tnt/bean/contacts/InteractionTypeBean.java,com.autentia.tnt.bean.contacts,InteractionTypeBean,class,other,509,306,63,63,18,11,7,False,False,,
TNTConcept,TNTConcept/tntconcept-web,main,systems/TNTConcept/TNTConcept/tntconcept-web/src/main/java,systems/TNTConcept/TNTConcept/tntconcept-web/src/main/java/com/autentia/tnt/bean/contacts/OfferBean.java,com.autentia.tnt.bean.contacts,OfferBean,class,other,1534,1057,214,214,47,33,14,False,False,,
TNTConcept,TNTConcept/tntconcept-web,main,systems/TNTConcept/TNTConcept/tntconcept-web/src/main/java,systems/TNTConcept/TNTConcept/tntconcept-web/src/main/java/com/autentia/tnt/bean/contacts/OfferRejectReasonBean.java,com.autentia.tnt.bean.contacts,OfferRejectReasonBean,class,other,507,305,63,63,18,11,7,False,False,,
TNTConcept,TNTConcept/tntconcept-web,main,systems/TNTConcept/TNTConcept/tntconcept-web/src/main/java,systems/TNTConcept/TNTConcept/tntconcept-web/src/main/java/com/autentia/tnt/bean/contacts/OrganizationBean.java,com.autentia.tnt.bean.contacts,OrganizationBean,class,other,1301,896,194,194,32,20,12,False,False,,
TNTConcept,TNTConcept/tntconcept-web,main,systems/TNTConcept/TNTConcept/tntconcept-web/src/main/java,systems/TNTConcept/TNTConcept/tntconcept-web/src/main/java/com/autentia/tnt/bean/contacts/OrganizationISOCategoryBean.java,com.autentia.tnt.bean.contacts,OrganizationISOCategoryBean,class,other,504,304,63,63,18,11,7,False,False,,
TNTConcept,TNTConcept/tntconcept-web,main,systems/TNTConcept/TNTConcept/tntconcept-web/src/main/java,systems/TNTConcept/TNTConcept/tntconcept-web/src/main/java/com/autentia/tnt/bean/contacts/OrganizationTypeBean.java,com.autentia.tnt.bean.contacts,OrganizationTypeBean,class,other,507,305,63,63,18,11,7,False,False,,
TNTConcept,TNTConcept/tntconcept-web,main,systems/TNTConcept/TNTConcept/tntconcept-web/src/main/java,systems/TNTConcept/TNTConcept/tntconcept-web/src/main/java/com/autentia/tnt/bean/contacts/PositionBean.java,com.autentia.tnt.bean.contacts,PositionBean,class,other,995,575,140,140,27,17,10,False,False,,
TNTConcept,TNTConcept/tntconcept-web,main,systems/TNTConcept/TNTConcept/tntconcept-web/src/main/java,systems/TNTConcept/TNTConcept/tntconcept-web/src/main/java/com/autentia/tnt/bean/contacts/TagBean.java,com.autentia.tnt.bean.contacts,TagBean,class,other,1092,709,132,132,30,20,10,False,False,,
TNTConcept,TNTConcept/tntconcept-web,main,systems/TNTConcept/TNTConcept/tntconcept-web/src/main/java,systems/TNTConcept/TNTConcept/tntconcept-web/src/main/java/com/autentia/tnt/bean/ContractExpirationNotificationBean.java,com.autentia.tnt.bean,ContractExpirationNotificationBean,class,other,81,60,4,3,17,7,10,False,False,,
TNTConcept,TNTConcept/tntconcept-web,main,systems/TNTConcept/TNTConcept/tntconcept-web/src/main/java,systems/TNTConcept/TNTConcept/tntconcept-web/src/main/java/com/autentia/tnt/bean/DateTimeBean.java,com.autentia.tnt.bean,DateTimeBean,class,other,46,14,1,1,4,0,4,False,False,,
TNTConcept,TNTConcept/tntconcept-web,main,systems/TNTConcept/TNTConcept/tntconcept-web/src/main/java,systems/TNTConcept/TNTConcept/tntconcept-web/src/main/java/com/autentia/tnt/bean/document/DocumentBean.java,com.autentia.tnt.bean.document,DocumentBean,class,other,869,561,96,96,21,11,10,False,False,,Override
TNTConcept,TNTConcept/tntconcept-web,main,systems/TNTConcept/TNTConcept/tntconcept-web/src/main/java,systems/TNTConcept/TNTConcept/tntconcept-web/src/main/java/com/autentia/tnt/bean/document/DocumentCategoryBean.java,com.autentia.tnt.bean.document,DocumentCategoryBean,class,other,676,427,90,90,14,8,6,False,False,,
TNTConcept,TNTConcept/tntconcept-web,main,systems/TNTConcept/TNTConcept/tntconcept-web/src/main/java,systems/TNTConcept/TNTConcept/tntconcept-web/src/main/java/com/autentia/tnt/bean/DynMenuBean.java,com.autentia.tnt.bean,DynMenuBean,class,other,510,300,9,5,57,45,12,False,False,,
TNTConcept,TNTConcept/tntconcept-web,main,systems/TNTConcept/TNTConcept/tntconcept-web/src/main/java,systems/TNTConcept/TNTConcept/tntconcept-web/src/main/java/com/autentia/tnt/bean/error/ErrorBean.java,com.autentia.tnt.bean.error,ErrorBean,class,exception,150,74,9,8,8,3,5,False,False,,
TNTConcept,TNTConcept/tntconcept-web,main,systems/TNTConcept/TNTConcept/tntconcept-web/src/main/java,systems/TNTConcept/TNTConcept/tntconcept-web/src/main/java/com/autentia/tnt/bean/ExpiredPasswordBean.java,com.autentia.tnt.bean,ExpiredPasswordBean,class,other,44,19,2,2,1,1,0,False,False,,Override|Override
TNTConcept,TNTConcept/tntconcept-web,main,systems/TNTConcept/TNTConcept/tntconcept-web/src/main/java,systems/TNTConcept/TNTConcept/tntconcept-web/src/main/java/com/autentia/tnt/bean/holiday/AdminHolidayBean.java,com.autentia.tnt.bean.holiday,AdminHolidayBean,class,other,749,503,100,99,27,16,11,False,False,,
TNTConcept,TNTConcept/tntconcept-web,main,systems/TNTConcept/TNTConcept/tntconcept-web/src/main/java,systems/TNTConcept/TNTConcept/tntconcept-web/src/main/java/com/autentia/tnt/bean/holiday/HolidayBean.java,com.autentia.tnt.bean.holiday,HolidayBean,class,other,544,348,69,69,19,11,8,False,False,,
TNTConcept,TNTConcept/tntconcept-web,main,systems/TNTConcept/TNTConcept/tntconcept-web/src/main/java,systems/TNTConcept/TNTConcept/tntconcept-web/src/main/java/com/autentia/tnt/bean/holiday/RequestHolidayBean.java,com.autentia.tnt.bean.holiday,RequestHolidayBean,class,other,812,535,104,102,28,18,10,False,False,,Override
TNTConcept,TNTConcept/tntconcept-web,main,systems/TNTConcept/TNTConcept/tntconcept-web/src/main/java,systems/TNTConcept/TNTConcept/tntconcept-web/src/main/java/com/autentia/tnt/bean/holiday/UserHolidaysStateBean.java,com.autentia.tnt.bean.holiday,UserHolidaysStateBean,class,other,139,78,13,13,13,8,5,False,False,,
TNTConcept,TNTConcept/tntconcept-web,main,systems/TNTConcept/TNTConcept/tntconcept-web/src/main/java,systems/TNTConcept/TNTConcept/tntconcept-web/src/main/java/com/autentia/tnt/bean/JPivotBean.java,com.autentia.tnt.bean,JPivotBean,class,other,74,42,5,5,10,2,8,False,False,,
TNTConcept,TNTConcept/tntconcept-web,main,systems/TNTConcept/TNTConcept/tntconcept-web/src/main/java,systems/TNTConcept/TNTConcept/tntconcept-web/src/main/java/com/autentia/tnt/bean/LinkBean.java,com.autentia.tnt.bean,LinkBean,class,other,235,160,25,20,20,11,9,False,False,,
TNTConcept,TNTConcept/tntconcept-web,main,systems/TNTConcept/TNTConcept/tntconcept-web/src/main/java,systems/TNTConcept/TNTConcept/tntconcept-web/src/main/java/com/autentia/tnt/bean/MenuBean.java,com.autentia.tnt.bean,MenuBean,class,other,456,327,13,10,54,37,17,False,False,,
TNTConcept,TNTConcept/tntconcept-web,main,systems/TNTConcept/TNTConcept/tntconcept-web/src/main/java,systems/TNTConcept/TNTConcept/tntconcept-web/src/main/java/com/autentia/tnt/bean/NavigationResults.java,com.autentia.tnt.bean,NavigationResults,class,other,127,82,0,0,0,0,0,False,False,,
TNTConcept,TNTConcept/tntconcept-web,main,systems/TNTConcept/TNTConcept/tntconcept-web/src/main/java,systems/TNTConcept/TNTConcept/tntconcept-web/src/main/java/com/autentia/tnt/bean/occupation/Availability.java,com.autentia.tnt.bean.occupation,Availability,class,other,42,19,4,4,2,2,0,False,False,,
TNTConcept,TNTConcept/tntconcept-web,main,systems/TNTConcept/TNTConcept/tntconcept-web/src/main/java,systems/TNTConcept/TNTConcept/tntconcept-web/src/main/java/com/autentia/tnt/bean/occupation/AvailabilityBean.java,com.autentia.tnt.bean.occupation,AvailabilityBean,class,other,190,128,7,5,22,18,4,False,False,,
TNTConcept,TNTConcept/tntconcept-web,main,systems/TNTConcept/TNTConcept/tntconcept-web/src/main/java,systems/TNTConcept/TNTConcept/tntconcept-web/src/main/java/com/autentia/tnt/bean/occupation/OcupationEntryImpl.java,com.autentia.tnt.bean.occupation,OcupationEntryImpl,class,other,163,73,20,20,2,1,1,False,False,,
TNTConcept,TNTConcept/tntconcept-web,main,systems/TNTConcept/TNTConcept/tntconcept-web/src/main/java,systems/TNTConcept/TNTConcept/tntconcept-web/src/main/java/com/autentia/tnt/bean/occupation/OcupationModelImpl.java,com.autentia.tnt.bean.occupation,OcupationModelImpl,class,other,63,17,3,3,4,2,2,False,False,,
TNTConcept,TNTConcept/tntconcept-web,main,systems/TNTConcept/TNTConcept/tntconcept-web/src/main/java,systems/TNTConcept/TNTConcept/tntconcept-web/src/main/java/com/autentia/tnt/bean/Param.java,com.autentia.tnt.bean,Param,class,other,49,26,0,0,0,0,0,False,False,,
TNTConcept,TNTConcept/tntconcept-web,main,systems/TNTConcept/TNTConcept/tntconcept-web/src/main/java,systems/TNTConcept/TNTConcept/tntconcept-web/src/main/java/com/autentia/tnt/bean/publish/MagazineBean.java,com.autentia.tnt.bean.publish,MagazineBean,class,other,502,301,63,63,13,8,5,False,False,,
TNTConcept,TNTConcept/tntconcept-web,main,systems/TNTConcept/TNTConcept/tntconcept-web/src/main/java,systems/TNTConcept/TNTConcept/tntconcept-web/src/main/java/com/autentia/tnt/bean/publish/PublicationBean.java,com.autentia.tnt.bean.publish,PublicationBean,class,other,713,473,100,100,15,9,6,False,False,,
TNTConcept,TNTConcept/tntconcept-web,main,systems/TNTConcept/TNTConcept/tntconcept-web/src/main/java,systems/TNTConcept/TNTConcept/tntconcept-web/src/main/java/com/autentia/tnt/bean/publish/TutorialBean.java,com.autentia.tnt.bean.publish,TutorialBean,class,other,626,403,84,84,15,9,6,False,False,,
TNTConcept,TNTConcept/tntconcept-web,main,systems/TNTConcept/TNTConcept/tntconcept-web/src/main/java,systems/TNTConcept/TNTConcept/tntconcept-web/src/main/java/com/autentia/tnt/bean/reports/ActivityReportBean.java,com.autentia.tnt.bean.reports,ActivityReportBean,class,other,57,26,2,1,7,2,5,False,False,,Override
TNTConcept,TNTConcept/tntconcept-web,main,systems/TNTConcept/TNTConcept/tntconcept-web/src/main/java,systems/TNTConcept/TNTConcept/tntconcept-web/src/main/java/com/autentia/tnt/bean/reports/BillReportBean.java,com.autentia.tnt.bean.reports,BillReportBean,class,other,57,24,2,1,7,1,6,False,False,,Override|Override
TNTConcept,TNTConcept/tntconcept-web,main,systems/TNTConcept/TNTConcept/tntconcept-web/src/main/java,systems/TNTConcept/TNTConcept/tntconcept-web/src/main/java/com/autentia/tnt/bean/reports/CommissioningReportBean.java,com.autentia.tnt.bean.reports,CommissioningReportBean,class,other,60,30,2,1,13,4,9,False,False,,Override|Override
TNTConcept,TNTConcept/tntconcept-web,main,systems/TNTConcept/TNTConcept/tntconcept-web/src/main/java,systems/TNTConcept/TNTConcept/tntconcept-web/src/main/java/com/autentia/tnt/bean/reports/GeneralReportBean.java,com.autentia.tnt.bean.reports,GeneralReportBean,class,other,40,12,1,0,4,1,3,False,False,,Override
TNTConcept,TNTConcept/tntconcept-web,main,systems/TNTConcept/TNTConcept/tntconcept-web/src/main/java,systems/TNTConcept/TNTConcept/tntconcept-web/src/main/java/com/autentia/tnt/bean/reports/InteractionReportBean.java,com.autentia.tnt.bean.reports,InteractionReportBean,class,other,39,11,1,0,4,1,3,False,False,,Override
TNTConcept,TNTConcept/tntconcept-web,main,systems/TNTConcept/TNTConcept/tntconcept-web/src/main/java,systems/TNTConcept/TNTConcept/tntconcept-web/src/main/java/com/autentia/tnt/bean/reports/OfferReportBean.java,com.autentia.tnt.bean.reports,OfferReportBean,class,other,40,11,1,0,4,1,3,False,False,,Override
TNTConcept,TNTConcept/tntconcept-web,main,systems/TNTConcept/TNTConcept/tntconcept-web/src/main/java,systems/TNTConcept/TNTConcept/tntconcept-web/src/main/java/com/autentia/tnt/bean/reports/OrganizationReportBean.java,com.autentia.tnt.bean.reports,OrganizationReportBean,class,other,40,11,1,0,4,1,3,False,False,,Override
TNTConcept,TNTConcept/tntconcept-web,main,systems/TNTConcept/TNTConcept/tntconcept-web/src/main/java,systems/TNTConcept/TNTConcept/tntconcept-web/src/main/java/com/autentia/tnt/bean/reports/OwnReportBean.java,com.autentia.tnt.bean.reports,OwnReportBean,class,other,40,11,1,0,4,1,3,False,False,,Override
TNTConcept,TNTConcept/tntconcept-web,main,systems/TNTConcept/TNTConcept/tntconcept-web/src/main/java,systems/TNTConcept/TNTConcept/tntconcept-web/src/main/java/com/autentia/tnt/bean/reports/PersonalReportBean.java,com.autentia.tnt.bean.reports,PersonalReportBean,class,other,48,17,1,0,10,4,6,False,False,,Override
TNTConcept,TNTConcept/tntconcept-web,main,systems/TNTConcept/TNTConcept/tntconcept-web/src/main/java,systems/TNTConcept/TNTConcept/tntconcept-web/src/main/java/com/autentia/tnt/bean/reports/ProjectReportBean.java,com.autentia.tnt.bean.reports,ProjectReportBean,class,other,48,18,1,0,10,4,6,False,False,,Override
TNTConcept,TNTConcept/tntconcept-web,main,systems/TNTConcept/TNTConcept/tntconcept-web/src/main/java,systems/TNTConcept/TNTConcept/tntconcept-web/src/main/java/com/autentia/tnt/bean/reports/ReportBean.java,com.autentia.tnt.bean.reports,ReportBean,class,other,427,320,35,32,30,22,8,False,False,,
TNTConcept,TNTConcept/tntconcept-web,main,systems/TNTConcept/TNTConcept/tntconcept-web/src/main/java,systems/TNTConcept/TNTConcept/tntconcept-web/src/main/java/com/autentia/tnt/bean/reports/ReportParameterDefinition.java,com.autentia.tnt.bean.reports,ReportParameterDefinition,class,other,225,155,46,45,9,1,8,False,False,,
TNTConcept,TNTConcept/tntconcept-web,main,systems/TNTConcept/TNTConcept/tntconcept-web/src/main/java,systems/TNTConcept/TNTConcept/tntconcept-web/src/main/java/com/autentia/tnt/bean/util/SendMailBean.java,com.autentia.tnt.bean.util,SendMailBean,class,utility,144,93,16,16,4,2,2,False,False,,
TNTConcept,TNTConcept/tntconcept-web,main,systems/TNTConcept/TNTConcept/tntconcept-web/src/main/java,systems/TNTConcept/TNTConcept/tntconcept-web/src/main/java/com/autentia/tnt/bean/util/SendMailBeanEvent.java,com.autentia.tnt.bean.util,SendMailBeanEvent,class,utility,27,4,0,0,0,0,0,False,False,,
TNTConcept,TNTConcept/tntconcept-web,main,systems/TNTConcept/TNTConcept/tntconcept-web/src/main/java,systems/TNTConcept/TNTConcept/tntconcept-web/src/main/java/com/autentia/tnt/bean/util/SendMailBeanListener.java,com.autentia.tnt.bean.util,SendMailBeanListener,interface,utility,29,6,0,0,0,0,0,False,False,,
TNTConcept,TNTConcept/tntconcept-web,main,systems/TNTConcept/TNTConcept/tntconcept-web/src/main/java,systems/TNTConcept/TNTConcept/tntconcept-web/src/main/java/com/autentia/tnt/converter/CutStringTranslator.java,com.autentia.tnt.converter,CutStringTranslator,class,other,60,27,2,2,4,0,4,False,False,,
TNTConcept,TNTConcept/tntconcept-web,main,systems/TNTConcept/TNTConcept/tntconcept-web/src/main/java,systems/TNTConcept/TNTConcept/tntconcept-web/src/main/java/com/autentia/tnt/converter/Date2YearConverter.java,com.autentia.tnt.converter,Date2YearConverter,class,other,81,47,2,2,9,0,9,False,False,,
TNTConcept,TNTConcept/tntconcept-web,main,systems/TNTConcept/TNTConcept/tntconcept-web/src/main/java,systems/TNTConcept/TNTConcept/tntconcept-web/src/main/java/com/autentia/tnt/converter/DateConverter.java,com.autentia.tnt.converter,DateConverter,class,other,73,37,2,2,9,0,9,False,False,,
TNTConcept,TNTConcept/tntconcept-web,main,systems/TNTConcept/TNTConcept/tntconcept-web/src/main/java,systems/TNTConcept/TNTConcept/tntconcept-web/src/main/java/com/autentia/tnt/converter/EntityConverter.java,com.autentia.tnt.converter,EntityConverter,class,other,98,52,2,2,6,2,4,False,False,,
TNTConcept,TNTConcept/tntconcept-web,main,systems/TNTConcept/TNTConcept/tntconcept-web/src/main/java,systems/TNTConcept/TNTConcept/tntconcept-web/src/main/java/com/autentia/tnt/converter/EnumConverter.java,com.autentia.tnt.converter,EnumConverter,class,other,67,37,2,2,5,0,5,False,False,,
TNTConcept,TNTConcept/tntconcept-web,main,systems/TNTConcept/TNTConcept/tntconcept-web/src/main/java,systems/TNTConcept/TNTConcept/tntconcept-web/src/main/java/com/autentia/tnt/converter/EnumTranslator.java,com.autentia.tnt.converter,EnumTranslator,class,other,56,23,2,2,5,1,4,False,False,,
TNTConcept,TNTConcept/tntconcept-web,main,systems/TNTConcept/TNTConcept/tntconcept-web/src/main/java,systems/TNTConcept/TNTConcept/tntconcept-web/src/main/java/com/autentia/tnt/converter/MinuteToHourConverter.java,com.autentia.tnt.converter,MinuteToHourConverter,class,other,112,69,8,5,8,0,8,False,False,,Override
TNTConcept,TNTConcept/tntconcept-web,main,systems/TNTConcept/TNTConcept/tntconcept-web/src/main/java,systems/TNTConcept/TNTConcept/tntconcept-web/src/main/java/com/autentia/tnt/error/ReportException.java,com.autentia.tnt.error,ReportException,class,exception,16,10,4,4,0,0,0,False,False,,
TNTConcept,TNTConcept/tntconcept-web,main,systems/TNTConcept/TNTConcept/tntconcept-web/src/main/java,systems/TNTConcept/TNTConcept/tntconcept-web/src/main/java/com/autentia/tnt/filter/HibernateSessionRequestFilter.java,com.autentia.tnt.filter,HibernateSessionRequestFilter,class,other,98,54,3,3,12,1,11,False,False,,
TNTConcept,TNTConcept/tntconcept-web,main,systems/TNTConcept/TNTConcept/tntconcept-web/src/main/java,systems/TNTConcept/TNTConcept/tntconcept-web/src/main/java/com/autentia/tnt/filter/UTF8Filter.java,com.autentia.tnt.filter,UTF8Filter,class,other,75,36,3,3,9,0,9,False,False,,
TNTConcept,TNTConcept/tntconcept-web,main,systems/TNTConcept/TNTConcept/tntconcept-web/src/main/java,systems/TNTConcept/TNTConcept/tntconcept-web/src/main/java/com/autentia/tnt/jsf/schedule/renderer/ActivityScheduleEntryRenderer.java,com.autentia.tnt.jsf.schedule.renderer,ActivityScheduleEntryRenderer,class,other,231,136,7,3,16,2,14,False,False,,
TNTConcept,TNTConcept/tntconcept-web,main,systems/TNTConcept/TNTConcept/tntconcept-web/src/main/java,systems/TNTConcept/TNTConcept/tntconcept-web/src/main/java/com/autentia/tnt/jsf/schedule/renderer/ActivityScheduleRenderer.java,com.autentia.tnt.jsf.schedule.renderer,ActivityScheduleRenderer,class,other,98,43,5,4,9,1,8,False,False,,
TNTConcept,TNTConcept/tntconcept-web,main,systems/TNTConcept/TNTConcept/tntconcept-web/src/main/java,systems/TNTConcept/TNTConcept/tntconcept-web/src/main/java/com/autentia/tnt/jsf/schedule/renderer/BitacoreAbstractCompactScheduleRenderer.java,com.autentia.tnt.jsf.schedule.renderer,BitacoreAbstractCompactScheduleRenderer,class,other,408,212,7,2,18,2,16,False,False,,
TNTConcept,TNTConcept/tntconcept-web,main,systems/TNTConcept/TNTConcept/tntconcept-web/src/main/java,systems/TNTConcept/TNTConcept/tntconcept-web/src/main/java/com/autentia/tnt/jsf/schedule/renderer/BitacoreScheduleCompactMonthRenderer.java,com.autentia.tnt.jsf.schedule.renderer,BitacoreScheduleCompactMonthRenderer,class,other,171,104,4,1,12,1,11,False,False,,
TNTConcept,TNTConcept/tntconcept-web,main,systems/TNTConcept/TNTConcept/tntconcept-web/src/main/java,systems/TNTConcept/TNTConcept/tntconcept-web/src/main/java/com/autentia/tnt/jsf/schedule/renderer/BitacoreScheduleCompactWeekRenderer.java,com.autentia.tnt.jsf.schedule.renderer,BitacoreScheduleCompactWeekRenderer,class,other,152,92,3,1,12,1,11,False,False,,
TNTConcept,TNTConcept/tntconcept-web,main,systems/TNTConcept/TNTConcept/tntconcept-web/src/main/java,systems/TNTConcept/TNTConcept/tntconcept-web/src/main/java/com/autentia/tnt/jsf/schedule/renderer/BitacoreScheduleDetailedDayRenderer.java,com.autentia.tnt.jsf.schedule.renderer,BitacoreScheduleDetailedDayRenderer,class,other,982,685,26,6,17,1,16,False,False,,
TNTConcept,TNTConcept/tntconcept-web,main,systems/TNTConcept/TNTConcept/tntconcept-web/src/main/java,systems/TNTConcept/TNTConcept/tntconcept-web/src/main/java/com/autentia/tnt/jsf/schedule/renderer/BitacoreScheduleEntryRenderer.java,com.autentia.tnt.jsf.schedule.renderer,BitacoreScheduleEntryRenderer,class,other,72,41,3,3,9,3,6,False,False,,
TNTConcept,TNTConcept/tntconcept-web,main,systems/TNTConcept/TNTConcept/tntconcept-web/src/main/java,systems/TNTConcept/TNTConcept/tntconcept-web/src/main/java/com/autentia/tnt/jsf/schedule/renderer/ExternalActivityScheduleEntryRenderer.java,com.autentia.tnt.jsf.schedule.renderer,ExternalActivityScheduleEntryRenderer,class,other,227,133,7,3,17,3,14,False,False,,
TNTConcept,TNTConcept/tntconcept-web,main,systems/TNTConcept/TNTConcept/tntconcept-web/src/main/java,systems/TNTConcept/TNTConcept/tntconcept-web/src/main/java/com/autentia/tnt/listener/StartupListener.java,com.autentia.tnt.listener,StartupListener,class,event,121,69,2,2,13,3,10,False,False,,
TNTConcept,TNTConcept/tntconcept-web,main,systems/TNTConcept/TNTConcept/tntconcept-web/src/main/java,systems/TNTConcept/TNTConcept/tntconcept-web/src/main/java/com/autentia/tnt/report/CSVGenerator.java,com.autentia.tnt.report,CSVGenerator,class,other,38,31,1,0,7,1,6,False,False,,Override
TNTConcept,TNTConcept/tntconcept-web,main,systems/TNTConcept/TNTConcept/tntconcept-web/src/main/java,systems/TNTConcept/TNTConcept/tntconcept-web/src/main/java/com/autentia/tnt/report/GeneratorFactory.java,com.autentia.tnt.report,GeneratorFactory,class,other,42,31,5,2,2,0,2,False,False,,
TNTConcept,TNTConcept/tntconcept-web,main,systems/TNTConcept/TNTConcept/tntconcept-web/src/main/java,systems/TNTConcept/TNTConcept/tntconcept-web/src/main/java/com/autentia/tnt/report/HTMLGenerator.java,com.autentia.tnt.report,HTMLGenerator,class,other,25,20,1,0,9,0,9,False,False,,Override
TNTConcept,TNTConcept/tntconcept-web,main,systems/TNTConcept/TNTConcept/tntconcept-web/src/main/java,systems/TNTConcept/TNTConcept/tntconcept-web/src/main/java/com/autentia/tnt/report/ODTGenerator.java,com.autentia.tnt.report,ODTGenerator,class,other,27,20,1,0,9,0,9,False,False,,Override
TNTConcept,TNTConcept/tntconcept-web,main,systems/TNTConcept/TNTConcept/tntconcept-web/src/main/java,systems/TNTConcept/TNTConcept/tntconcept-web/src/main/java/com/autentia/tnt/report/PDFGenerator.java,com.autentia.tnt.report,PDFGenerator,class,other,35,27,1,0,10,0,10,False,False,,Override
TNTConcept,TNTConcept/tntconcept-web,main,systems/TNTConcept/TNTConcept/tntconcept-web/src/main/java,systems/TNTConcept/TNTConcept/tntconcept-web/src/main/java/com/autentia/tnt/report/ReportFormat.java,com.autentia.tnt.report,ReportFormat,enum,other,21,16,4,2,0,0,0,False,False,,
TNTConcept,TNTConcept/tntconcept-web,main,systems/TNTConcept/TNTConcept/tntconcept-web/src/main/java,systems/TNTConcept/TNTConcept/tntconcept-web/src/main/java/com/autentia/tnt/report/ReportGenerator.java,com.autentia.tnt.report,ReportGenerator,interface,other,9,6,0,0,2,1,1,False,False,,
TNTConcept,TNTConcept/tntconcept-web,main,systems/TNTConcept/TNTConcept/tntconcept-web/src/main/java,systems/TNTConcept/TNTConcept/tntconcept-web/src/main/java/com/autentia/tnt/report/ReportGeneratorStandardImpl.java,com.autentia.tnt.report,ReportGeneratorStandardImpl,class,other,622,494,15,1,41,9,32,False,False,,
TNTConcept,TNTConcept/tntconcept-web,main,systems/TNTConcept/TNTConcept/tntconcept-web/src/main/java,systems/TNTConcept/TNTConcept/tntconcept-web/src/main/java/com/autentia/tnt/report/ReportInfo.java,com.autentia.tnt.report,ReportInfo,class,other,57,44,9,7,2,0,2,False,False,,
TNTConcept,TNTConcept/tntconcept-web,main,systems/TNTConcept/TNTConcept/tntconcept-web/src/main/java,systems/TNTConcept/TNTConcept/tntconcept-web/src/main/java/com/autentia/tnt/report/RTFGenerator.java,com.autentia.tnt.report,RTFGenerator,class,other,27,20,1,0,9,0,9,False,False,,Override
TNTConcept,TNTConcept/tntconcept-web,main,systems/TNTConcept/TNTConcept/tntconcept-web/src/main/java,systems/TNTConcept/TNTConcept/tntconcept-web/src/main/java/com/autentia/tnt/report/TypeGenerator.java,com.autentia.tnt.report,TypeGenerator,class,other,12,9,0,0,5,0,5,False,False,,
TNTConcept,TNTConcept/tntconcept-web,main,systems/TNTConcept/TNTConcept/tntconcept-web/src/main/java,systems/TNTConcept/TNTConcept/tntconcept-web/src/main/java/com/autentia/tnt/report/XLSGenerator.java,com.autentia.tnt.report,XLSGenerator,class,other,29,22,1,0,9,0,9,False,False,,Override
TNTConcept,TNTConcept/tntconcept-web,main,systems/TNTConcept/TNTConcept/tntconcept-web/src/main/java,systems/TNTConcept/TNTConcept/tntconcept-web/src/main/java/com/autentia/tnt/servlet/AdvancedSearchContactCSVServlet.java,com.autentia.tnt.servlet,AdvancedSearchContactCSVServlet,class,controller,143,84,7,0,10,2,8,False,False,,Override|Override
TNTConcept,TNTConcept/tntconcept-web,main,systems/TNTConcept/TNTConcept/tntconcept-web/src/main/java,systems/TNTConcept/TNTConcept/tntconcept-web/src/main/java/com/autentia/tnt/servlet/DocRootServlet.java,com.autentia.tnt.servlet,DocRootServlet,class,controller,107,58,1,0,6,1,5,False,False,,Override
TNTConcept,TNTConcept/tntconcept-web,main,systems/TNTConcept/TNTConcept/tntconcept-web/src/main/java,systems/TNTConcept/TNTConcept/tntconcept-web/src/main/java/com/autentia/tnt/servlet/DocServlet.java,com.autentia.tnt.servlet,DocServlet,class,controller,92,47,3,0,11,1,10,False,False,,Override
TNTConcept,TNTConcept/tntconcept-web,main,systems/TNTConcept/TNTConcept/tntconcept-web/src/main/java,systems/TNTConcept/TNTConcept/tntconcept-web/src/main/java/com/autentia/tnt/servlet/DocumentFinder.java,com.autentia.tnt.servlet,DocumentFinder,class,controller,62,45,6,3,1,0,1,False,False,,
TNTConcept,TNTConcept/tntconcept-web,main,systems/TNTConcept/TNTConcept/tntconcept-web/src/main/java,systems/TNTConcept/TNTConcept/tntconcept-web/src/main/java/com/autentia/tnt/servlet/GlobalHoursReportCSVServlet.java,com.autentia.tnt.servlet,GlobalHoursReportCSVServlet,class,controller,197,117,5,0,16,3,13,False,False,,Override|Override
TNTConcept,TNTConcept/tntconcept-web,main,systems/TNTConcept/TNTConcept/tntconcept-web/src/main/java,systems/TNTConcept/TNTConcept/tntconcept-web/src/main/java/com/autentia/tnt/servlet/ReportServlet.java,com.autentia.tnt.servlet,ReportServlet,class,controller,148,99,10,2,13,4,9,False,False,,
TNTConcept,TNTConcept/tntconcept-web,main,systems/TNTConcept/TNTConcept/tntconcept-web/src/main/java,systems/TNTConcept/TNTConcept/tntconcept-web/src/main/java/com/autentia/tnt/tag/ActivityImageFileLinkTag.java,com.autentia.tnt.tag,ActivityImageFileLinkTag,class,other,125,77,10,10,7,0,7,False,False,,Override|Override
TNTConcept,TNTConcept/tntconcept-web,main,systems/TNTConcept/TNTConcept/tntconcept-web/src/main/java,systems/TNTConcept/TNTConcept/tntconcept-web/src/main/java/com/autentia/tnt/tag/ActivityImageTag.java,com.autentia.tnt.tag,ActivityImageTag,class,other,74,57,8,8,7,0,7,False,False,,Override|Override
TNTConcept,TNTConcept/tntconcept-web,main,systems/TNTConcept/TNTConcept/tntconcept-web/src/main/java,systems/TNTConcept/TNTConcept/tntconcept-web/src/main/java/com/autentia/tnt/tag/FileLinkTag.java,com.autentia.tnt.tag,FileLinkTag,class,other,126,72,10,10,4,0,4,False,False,,Override|Override
TNTConcept,TNTConcept/tntconcept-web,main,systems/TNTConcept/TNTConcept/tntconcept-web/src/main/java,systems/TNTConcept/TNTConcept/tntconcept-web/src/main/java/com/autentia/tnt/tag/ImgTag.java,com.autentia.tnt.tag,ImgTag,class,other,93,54,8,8,5,0,5,False,False,,Override|Override
TNTConcept,TNTConcept/tntconcept-web,main,systems/TNTConcept/TNTConcept/tntconcept-web/src/main/java,systems/TNTConcept/TNTConcept/tntconcept-web/src/main/java/com/autentia/tnt/tag/LocationTag.java,com.autentia.tnt.tag,LocationTag,class,other,102,55,6,6,5,0,5,False,False,,Override|Override
TNTConcept,TNTConcept/tntconcept-web,main,systems/TNTConcept/TNTConcept/tntconcept-web/src/main/java,systems/TNTConcept/TNTConcept/tntconcept-web/src/main/java/com/autentia/tnt/tag/TitleBarTag.java,com.autentia.tnt.tag,TitleBarTag,class,other,146,85,9,9,5,0,5,False,False,,Override|Override|Override
TNTConcept,TNTConcept/tntconcept-web,main,systems/TNTConcept/TNTConcept/tntconcept-web/src/main/java,systems/TNTConcept/TNTConcept/tntconcept-web/src/main/java/com/autentia/tnt/util/FacesUtils.java,com.autentia.tnt.util,FacesUtils,class,utility,308,117,20,18,18,2,16,False,False,,
TNTConcept,TNTConcept/tntconcept-web,main,systems/TNTConcept/TNTConcept/tntconcept-web/src/main/java,systems/TNTConcept/TNTConcept/tntconcept-web/src/main/java/com/autentia/tnt/util/JPivotUtils.java,com.autentia.tnt.util,JPivotUtils,class,utility,179,80,3,3,18,0,18,False,False,,
TNTConcept,TNTConcept/tntconcept-web,main,systems/TNTConcept/TNTConcept/tntconcept-web/src/main/java,systems/TNTConcept/TNTConcept/tntconcept-web/src/main/java/com/autentia/tnt/util/ReportUtil.java,com.autentia.tnt.util,ReportUtil,class,utility,319,219,11,8,27,5,22,False,False,,
TNTConcept,TNTConcept/tntconcept-web,main,systems/TNTConcept/TNTConcept/tntconcept-web/src/main/java,systems/TNTConcept/TNTConcept/tntconcept-web/src/main/java/com/autentia/tnt/util/UserComparator.java,com.autentia.tnt.util,UserComparator,class,utility,36,11,1,1,2,1,1,False,False,,
TNTConcept,TNTConcept/tntconcept-web,main,systems/TNTConcept/TNTConcept/tntconcept-web/src/main/java,systems/TNTConcept/TNTConcept/tntconcept-web/src/main/java/com/autentia/tnt/util/XmlUtil.java,com.autentia.tnt.util,XmlUtil,class,utility,63,21,2,2,0,0,0,False,False,,
TNTConcept,TNTConcept/tntconcept-web,main,systems/TNTConcept/TNTConcept/tntconcept-web/src/main/java,systems/TNTConcept/TNTConcept/tntconcept-web/src/main/java/com/autentia/tnt/validator/AccountEntryValidator.java,com.autentia.tnt.validator,AccountEntryValidator,class,other,85,51,1,1,11,5,6,False,False,,
TNTConcept,TNTConcept/tntconcept-web,main,systems/TNTConcept/TNTConcept/tntconcept-web/src/main/java,systems/TNTConcept/TNTConcept/tntconcept-web/src/main/java/com/autentia/tnt/validator/AccountEntryValidatorOSE.java,com.autentia.tnt.validator,AccountEntryValidatorOSE,class,other,65,32,1,1,11,5,6,False,False,,
TNTConcept,TNTConcept/tntconcept-web,main,systems/TNTConcept/TNTConcept/tntconcept-web/src/main/java,systems/TNTConcept/TNTConcept/tntconcept-web/src/main/java/com/autentia/tnt/validator/DateValidator.java,com.autentia.tnt.validator,DateValidator,class,other,50,25,1,1,8,0,8,False,False,,
TNTConcept,TNTConcept/tntconcept-web,main,systems/TNTConcept/TNTConcept/tntconcept-web/src/main/java,systems/TNTConcept/TNTConcept/tntconcept-web/src/main/java/com/autentia/tnt/validator/EuroValidator.java,com.autentia.tnt.validator,EuroValidator,class,other,63,33,1,1,6,0,6,False,False,,
TNTConcept,TNTConcept/tntconcept-web,main,systems/TNTConcept/TNTConcept/tntconcept-web/src/main/java,systems/TNTConcept/TNTConcept/tntconcept-web/src/main/java/com/autentia/tnt/validator/GenericAccountEntryValidator.java,com.autentia.tnt.validator,GenericAccountEntryValidator,class,other,33,11,1,1,4,0,4,False,False,,
TNTConcept,TNTConcept/tntconcept-web,main,systems/TNTConcept/TNTConcept/tntconcept-web/src/main/java,systems/TNTConcept/TNTConcept/tntconcept-web/src/main/java/com/autentia/tnt/validator/GenericDateValidator.java,com.autentia.tnt.validator,GenericDateValidator,class,other,31,11,1,1,4,0,4,False,False,,
TNTConcept,TNTConcept/tntconcept-web,main,systems/TNTConcept/TNTConcept/tntconcept-web/src/main/java,systems/TNTConcept/TNTConcept/tntconcept-web/src/main/java/com/autentia/tnt/validator/GenericIdentityCardValidator.java,com.autentia.tnt.validator,GenericIdentityCardValidator,class,other,33,11,1,1,4,0,4,False,False,,
TNTConcept,TNTConcept/tntconcept-web,main,systems/TNTConcept/TNTConcept/tntconcept-web/src/main/java,systems/TNTConcept/TNTConcept/tntconcept-web/src/main/java/com/autentia/tnt/validator/GenericMoneyValidator.java,com.autentia.tnt.validator,GenericMoneyValidator,class,other,32,11,1,1,4,0,4,False,False,,
TNTConcept,TNTConcept/tntconcept-web,main,systems/TNTConcept/TNTConcept/tntconcept-web/src/main/java,systems/TNTConcept/TNTConcept/tntconcept-web/src/main/java/com/autentia/tnt/validator/GenericPeriodicalAccountEntryValidator.java,com.autentia.tnt.validator,GenericPeriodicalAccountEntryValidator,class,other,33,11,1,1,4,0,4,False,False,,
TNTConcept,TNTConcept/tntconcept-web,main,systems/TNTConcept/TNTConcept/tntconcept-web/src/main/java,systems/TNTConcept/TNTConcept/tntconcept-web/src/main/java/com/autentia/tnt/validator/NifValidator.java,com.autentia.tnt.validator,NifValidator,class,other,62,29,1,1,8,0,8,False,False,,
TNTConcept,TNTConcept/tntconcept-web,main,systems/TNTConcept/TNTConcept/tntconcept-web/src/main/java,systems/TNTConcept/TNTConcept/tntconcept-web/src/main/java/com/autentia/tnt/validator/PeriodicalAccountEntryValidator.java,com.autentia.tnt.validator,PeriodicalAccountEntryValidator,class,other,83,51,1,1,11,5,6,False,False,,
TNTConcept,TNTConcept/tntconcept-web,main,systems/TNTConcept/TNTConcept/tntconcept-web/src/main/java,systems/TNTConcept/TNTConcept/tntconcept-web/src/main/java/com/autentia/tnt/validator/PeriodicalAccountEntryValidatorOSE.java,com.autentia.tnt.validator,PeriodicalAccountEntryValidatorOSE,class,other,65,32,1,1,11,5,6,False,False,,
TNTConcept,TNTConcept/tntconcept-web,main,systems/TNTConcept/TNTConcept/tntconcept-web/src/main/java,systems/TNTConcept/TNTConcept/tntconcept-web/src/main/java/com/autentia/tnt/validator/ValidatorFactory.java,com.autentia.tnt.validator,ValidatorFactory,class,other,102,63,10,6,5,1,4,False,False,,
TNTConcept,TNTConcept/tntconcept-web,main,systems/TNTConcept/TNTConcept/tntconcept-web/src/main/java,systems/TNTConcept/TNTConcept/tntconcept-web/src/main/java/org/apache/myfaces/custom/schedule/UISchedule.java,org.apache.myfaces.custom.schedule,UISchedule,class,other,551,280,38,38,18,0,18,False,False,,
TNTConcept,TNTConcept/tntconcept-web,test,systems/TNTConcept/TNTConcept/tntconcept-web/src/test/java,systems/TNTConcept/TNTConcept/tntconcept-web/src/test/java/com/autentia/tnt/bean/activity/ActivityBean_IT.java,com.autentia.tnt.bean.activity,ActivityBean_IT,class,test,187,137,9,8,20,8,12,False,False,,Before|After|Test|Test|Test|Test|Test|Override|Override
TNTConcept,TNTConcept/tntconcept-web,test,systems/TNTConcept/TNTConcept/tntconcept-web/src/test/java,systems/TNTConcept/TNTConcept/tntconcept-web/src/test/java/com/autentia/tnt/bean/activity/ActivityBeanTest.java,com.autentia.tnt.bean.activity,ActivityBeanTest,class,test,139,110,5,4,24,11,13,False,False,,BeforeClass|Test|Ignore|Test|Test
TNTConcept,TNTConcept/tntconcept-web,test,systems/TNTConcept/TNTConcept/tntconcept-web/src/test/java,systems/TNTConcept/TNTConcept/tntconcept-web/src/test/java/com/autentia/tnt/bean/activity/ActivityBeanTotalYearHours_IT.java,com.autentia.tnt.bean.activity,ActivityBeanTotalYearHours_IT,class,test,103,82,6,6,15,3,12,False,False,,RunWith|Before|After|Parameters|Test
TNTConcept,TNTConcept/tntconcept-web,test,systems/TNTConcept/TNTConcept/tntconcept-web/src/test/java,systems/TNTConcept/TNTConcept/tntconcept-web/src/test/java/com/autentia/tnt/bean/ActivityEvidenceNotificationBean_IT.java,com.autentia.tnt.bean,ActivityEvidenceNotificationBean_IT,class,test,126,98,7,4,26,12,14,False,False,,Before|After|Test|Test
TNTConcept,TNTConcept/tntconcept-web,test,systems/TNTConcept/TNTConcept/tntconcept-web/src/test/java,systems/TNTConcept/TNTConcept/tntconcept-web/src/test/java/com/autentia/tnt/bean/billing/BillBeanTest.java,com.autentia.tnt.bean.billing,BillBeanTest,class,test,182,134,11,8,18,7,11,False,False,,BeforeClass|Before|Test|Test|Test|Test|Test|Test
TNTConcept,TNTConcept/tntconcept-web,test,systems/TNTConcept/TNTConcept/tntconcept-web/src/test/java,systems/TNTConcept/TNTConcept/tntconcept-web/src/test/java/com/autentia/tnt/bean/ChangePasswordBeanTest.java,com.autentia.tnt.bean,ChangePasswordBeanTest,class,test,128,91,6,6,12,6,6,False,False,,Before|Test|Test|Test|Test|Test
TNTConcept,TNTConcept/tntconcept-web,test,systems/TNTConcept/TNTConcept/tntconcept-web/src/test/java,systems/TNTConcept/TNTConcept/tntconcept-web/src/test/java/com/autentia/tnt/bean/contacts/AdvancedSearchContactBean_IT.java,com.autentia.tnt.bean.contacts,AdvancedSearchContactBean_IT,class,test,317,244,10,8,17,8,9,False,False,,BeforeClass|Before|After|Test|Test|Test|Test|Test
TNTConcept,TNTConcept/tntconcept-web,test,systems/TNTConcept/TNTConcept/tntconcept-web/src/test/java,systems/TNTConcept/TNTConcept/tntconcept-web/src/test/java/com/autentia/tnt/bean/contacts/OfferBeanTest.java,com.autentia.tnt.bean.contacts,OfferBeanTest,class,test,176,146,10,10,23,11,12,False,False,,BeforeClass|AfterClass|Test|Test|Test|Test|Test|Test|Test|Test
TNTConcept,TNTConcept/tntconcept-web,test,systems/TNTConcept/TNTConcept/tntconcept-web/src/test/java,systems/TNTConcept/TNTConcept/tntconcept-web/src/test/java/com/autentia/tnt/bean/ContractExpirationNotificationBean_IT.java,com.autentia.tnt.bean,ContractExpirationNotificationBean_IT,class,test,185,144,12,12,20,7,13,False,False,,Before|After|Test|Test|Test|Test|Test|Test|Test|Test|Test|Test
TNTConcept,TNTConcept/tntconcept-web,test,systems/TNTConcept/TNTConcept/tntconcept-web/src/test/java,systems/TNTConcept/TNTConcept/tntconcept-web/src/test/java/com/autentia/tnt/bean/ExpiredPasswordBeanTest.java,com.autentia.tnt.bean,ExpiredPasswordBeanTest,class,test,92,66,4,4,13,6,7,False,False,,Before|Test|Test|Test
TNTConcept,TNTConcept/tntconcept-web,test,systems/TNTConcept/TNTConcept/tntconcept-web/src/test/java,systems/TNTConcept/TNTConcept/tntconcept-web/src/test/java/com/autentia/tnt/bean/LinkBeanTest.java,com.autentia.tnt.bean,LinkBeanTest,class,test,275,210,15,15,19,8,11,False,False,,BeforeClass|Test|Test|Test|Test|Test|Test|Test|Test|Test|Test|Test|Test|Test|Test
TNTConcept,TNTConcept/tntconcept-web,test,systems/TNTConcept/TNTConcept/tntconcept-web/src/test/java,systems/TNTConcept/TNTConcept/tntconcept-web/src/test/java/com/autentia/tnt/converter/MinuteToHourConverterTest.java,com.autentia.tnt.converter,MinuteToHourConverterTest,class,test,87,67,7,7,13,0,13,False,False,,Test|Test|Test|Test|Test|Test|Test
TNTConcept,TNTConcept/tntconcept-web,test,systems/TNTConcept/TNTConcept/tntconcept-web/src/test/java,systems/TNTConcept/TNTConcept/tntconcept-web/src/test/java/com/autentia/tnt/report/GeneratorFactoryTest.java,com.autentia.tnt.report,GeneratorFactoryTest,class,test,43,35,6,6,2,0,2,False,False,,Test|Test|Test|Test|Test|Test
TNTConcept,TNTConcept/tntconcept-web,test,systems/TNTConcept/TNTConcept/tntconcept-web/src/test/java,systems/TNTConcept/TNTConcept/tntconcept-web/src/test/java/com/autentia/tnt/report/ReportInfoTest.java,com.autentia.tnt.report,ReportInfoTest,class,test,54,38,4,4,3,0,3,False,False,,Test|Test|Test|Test
TNTConcept,TNTConcept/tntconcept-web,test,systems/TNTConcept/TNTConcept/tntconcept-web/src/test/java,systems/TNTConcept/TNTConcept/tntconcept-web/src/test/java/com/autentia/tnt/servlet/AdvancedSearchContactCSVServletTest.java,com.autentia.tnt.servlet,AdvancedSearchContactCSVServletTest,class,test,68,43,1,1,8,2,6,False,False,,Test
TNTConcept,TNTConcept/tntconcept-web,test,systems/TNTConcept/TNTConcept/tntconcept-web/src/test/java,systems/TNTConcept/TNTConcept/tntconcept-web/src/test/java/com/autentia/tnt/servlet/DocumentFinderTest.java,com.autentia.tnt.servlet,DocumentFinderTest,class,test,74,52,6,6,6,0,6,False,False,,Rule|Before|Test|Test|Test|Test|Test
TNTConcept,TNTConcept/tntconcept-web,test,systems/TNTConcept/TNTConcept/tntconcept-web/src/test/java,systems/TNTConcept/TNTConcept/tntconcept-web/src/test/java/com/autentia/tnt/test/utils/ConfigurationUtilForTesting.java,com.autentia.tnt.test.utils,ConfigurationUtilForTesting,class,test,504,269,64,63,15,2,13,False,False,,Override|Override|Override|Override
TNTConcept,TNTConcept/tntconcept-web,test,systems/TNTConcept/TNTConcept/tntconcept-web/src/test/java,systems/TNTConcept/TNTConcept/tntconcept-web/src/test/java/com/autentia/tnt/test/utils/DummyPasswordEncoder.java,com.autentia.tnt.test.utils,DummyPasswordEncoder,class,test,12,8,1,1,1,0,1,False,False,,Override
TNTConcept,TNTConcept/tntconcept-web,test,systems/TNTConcept/TNTConcept/tntconcept-web/src/test/java,systems/TNTConcept/TNTConcept/tntconcept-web/src/test/java/com/autentia/tnt/test/utils/RoleForTesting.java,com.autentia.tnt.test.utils,RoleForTesting,class,test,13,9,1,1,1,1,0,False,False,,Override
TNTConcept,TNTConcept/tntconcept-web,test,systems/TNTConcept/TNTConcept/tntconcept-web/src/test/java,systems/TNTConcept/TNTConcept/tntconcept-web/src/test/java/com/autentia/tnt/test/utils/SpringUtilsForTesting.java,com.autentia.tnt.test.utils,SpringUtilsForTesting,class,test,144,102,8,4,13,8,5,False,False,,
TNTConcept,TNTConcept/tntconcept-web,test,systems/TNTConcept/TNTConcept/tntconcept-web/src/test/java,systems/TNTConcept/TNTConcept/tntconcept-web/src/test/java/com/autentia/tnt/test/utils/TestContainer.java,com.autentia.tnt.test.utils,TestContainer,class,test,35,29,1,1,7,0,7,False,False,,BeforeClass
TNTConcept,TNTConcept/tntconcept-web,test,systems/TNTConcept/TNTConcept/tntconcept-web/src/test/java,systems/TNTConcept/TNTConcept/tntconcept-web/src/test/java/com/autentia/tnt/test/utils/UserForTesting.java,com.autentia.tnt.test.utils,UserForTesting,class,test,13,9,1,1,1,1,0,False,False,,Override
